210663604_Bath_US_simple_design_filtered,test
214689750_Bath_US_simple_design_filtered,test
209800646_Bath_US_simple_design_filtered,test
213146639_Bath_US_simple_design_filtered,test
209943998_Bath_US_simple_design_filtered,test
211559003_Bath_US_simple_design_filtered,test
214002628_Bath_US_simple_design_filtered,test
211244723_Bath_US_simple_design_filtered,test
213999569_Bath_US_simple_design_filtered,test
213639253_Bath_US_simple_design_filtered,test
212810761_Bath_US_simple_design_filtered,test
214114102_Bath_US_simple_design_filtered,test
213085223_Bath_US_simple_design_filtered,test
213942711_Bath_US_simple_design_filtered,test
213103693_Bath_US_simple_design_filtered,test
210018678_Bath_US_simple_design_filtered,test
211793902_Bath_US_simple_design_filtered,test
212357130_Bath_US_simple_design_filtered,test
210287450_Bath_US_simple_design_filtered,test
214689427_Bath_US_simple_design_filtered,test
213148624_Bath_US_simple_design_filtered,test
210477912_Bath_US_simple_design_filtered,test
214302189_Bath_US_simple_design_filtered,test
211104330_Bath_US_simple_design_filtered,test
208323763_Bath_US_simple_design_filtered,test
210114749_Bath_US_simple_design_filtered,test
214592549_Bath_US_simple_design_filtered,test
214489346_Bath_US_simple_design_filtered,test
211470793_Bath_US_simple_design_filtered,test
211568531_Bath_US_simple_design_filtered,test
211013659_Bath_US_simple_design_filtered,test
211010217_Bath_US_simple_design_filtered,test
211680612_Bath_US_simple_design_filtered,test
209775204_Bath_US_simple_design_filtered,test
210394274_Bath_US_simple_design_filtered,test
209388948_Bath_US_simple_design_filtered,test
213638486_Bath_US_simple_design_filtered,test
212959866_Bath_US_simple_design_filtered,test
210607660_Bath_US_simple_design_filtered,test
214453084_Bath_US_simple_design_filtered,test
212037280_Bath_US_simple_design_filtered,test
211647699_Bath_US_simple_design_filtered,test
210917953_Bath_US_simple_design_filtered,test
211133815_Bath_US_simple_design_filtered,test
213537021_Bath_US_simple_design_filtered,test
211168351_Bath_US_simple_design_filtered,train
211513391_Bath_US_simple_design_filtered,train
210722962_Bath_US_simple_design_filtered,train
210131725_Bath_US_simple_design_filtered,train
214398423_Bath_US_simple_design_filtered,train
213943642_Bath_US_simple_design_filtered,train
210296239_Bath_US_simple_design_filtered,train
214355999_Bath_US_simple_design_filtered,train
214517450_Bath_US_simple_design_filtered,train
209882765_Bath_US_simple_design_filtered,train
213294562_Bath_US_simple_design_filtered,train
212706185_Bath_US_simple_design_filtered,train
211000222_Bath_US_simple_design_filtered,train
211546498_Bath_US_simple_design_filtered,train
214448397_Bath_US_simple_design_filtered,train
210797334_Bath_US_simple_design_filtered,train
210278211_Bath_US_simple_design_filtered,train
209717310_Bath_US_simple_design_filtered,train
213958967_Bath_US_simple_design_filtered,train
207503236_Bath_US_simple_design_filtered,train
210286170_Bath_US_simple_design_filtered,train
214684831_Bath_US_simple_design_filtered,train
210310036_Bath_US_simple_design_filtered,train
214638251_Bath_US_simple_design_filtered,train
211053814_Bath_US_simple_design_filtered,train
210667780_Bath_US_simple_design_filtered,train
211675191_Bath_US_simple_design_filtered,train
211314176_Bath_US_simple_design_filtered,train
211045845_Bath_US_simple_design_filtered,train
211338699_Bath_US_simple_design_filtered,train
212115275_Bath_US_simple_design_filtered,train
213210962_Bath_US_simple_design_filtered,train
211580746_Bath_US_simple_design_filtered,train
211365311_Bath_US_simple_design_filtered,train
209196240_Bath_US_simple_design_filtered,train
208243134_Bath_US_simple_design_filtered,train
212455344_Bath_US_simple_design_filtered,train
213614405_Bath_US_simple_design_filtered,train
214388241_Bath_US_simple_design_filtered,train
210320670_Bath_US_simple_design_filtered,train
213349850_Bath_US_simple_design_filtered,train
210272638_Bath_US_simple_design_filtered,train
212785532_Bath_US_simple_design_filtered,train
209520889_Bath_US_simple_design_filtered,train
210145054_Bath_US_simple_design_filtered,train
211581004_Bath_US_simple_design_filtered,train
213423333_Bath_US_simple_design_filtered,train
213818085_Bath_US_simple_design_filtered,train
213921266_Bath_US_simple_design_filtered,train
214195906_Bath_US_simple_design_filtered,train
212590266_Bath_US_simple_design_filtered,train
212610171_Bath_US_simple_design_filtered,train
210898686_Bath_US_simple_design_filtered,train
211817603_Bath_US_simple_design_filtered,train
213907102_Bath_US_simple_design_filtered,train
211173079_Bath_US_simple_design_filtered,train
213959655_Bath_US_simple_design_filtered,train
210237290_Bath_US_simple_design_filtered,train
213111645_Bath_US_simple_design_filtered,train
211623808_Bath_US_simple_design_filtered,train
213932121_Bath_US_simple_design_filtered,train
210892347_Bath_US_simple_design_filtered,train
213026135_Bath_US_simple_design_filtered,train
209728350_Bath_US_simple_design_filtered,train
211929606_Bath_US_simple_design_filtered,train
210101577_Bath_US_simple_design_filtered,train
210444252_Bath_US_simple_design_filtered,train
213396254_Bath_US_simple_design_filtered,train
212058064_Bath_US_simple_design_filtered,train
212250852_Bath_US_simple_design_filtered,train
210948850_Bath_US_simple_design_filtered,train
209609973_Bath_US_simple_design_filtered,train
212017573_Bath_US_simple_design_filtered,train
208983774_Bath_US_simple_design_filtered,train
212346403_Bath_US_simple_design_filtered,train
214686796_Bath_US_simple_design_filtered,train
211897728_Bath_US_simple_design_filtered,train
213052738_Bath_US_simple_design_filtered,train
213754021_Bath_US_simple_design_filtered,train
212710601_Bath_US_simple_design_filtered,train
211674041_Bath_US_simple_design_filtered,train
210086299_Bath_US_simple_design_filtered,train
210690770_Bath_US_simple_design_filtered,train
213672118_Bath_US_simple_design_filtered,train
210812926_Bath_US_simple_design_filtered,train
207372433_Bath_US_simple_design_filtered,train
209335898_Bath_US_simple_design_filtered,train
210793842_Bath_US_simple_design_filtered,train
212274199_Bath_US_simple_design_filtered,train
210138845_Bath_US_simple_design_filtered,train
212919182_Bath_US_simple_design_filtered,train
213051362_Bath_US_simple_design_filtered,train
214398794_Bath_US_simple_design_filtered,train
214199801_Bath_US_simple_design_filtered,train
211170890_Bath_US_simple_design_filtered,train
214514688_Bath_US_simple_design_filtered,train
210064490_Bath_US_simple_design_filtered,train
212065474_Bath_US_simple_design_filtered,train
210730663_Bath_US_simple_design_filtered,train
210818979_Bath_US_simple_design_filtered,train
213993030_Bath_US_simple_design_filtered,train
213554249_Bath_US_simple_design_filtered,train
212353599_Bath_US_simple_design_filtered,train
211998343_Bath_US_simple_design_filtered,train
210820859_Bath_US_simple_design_filtered,train
212279756_Bath_US_simple_design_filtered,train
214517452_Bath_US_simple_design_filtered,train
213290885_Bath_US_simple_design_filtered,train
210934253_Bath_US_simple_design_filtered,train
213057364_Bath_US_simple_design_filtered,train
209283872_Bath_US_simple_design_filtered,train
214412895_Bath_US_simple_design_filtered,train
209362607_Bath_US_simple_design_filtered,train
210677562_Bath_US_simple_design_filtered,train
212023110_Bath_US_simple_design_filtered,train
212789763_Bath_US_simple_design_filtered,train
212655892_Bath_US_simple_design_filtered,train
214531096_Bath_US_simple_design_filtered,train
213535111_Bath_US_simple_design_filtered,train
210870820_Bath_US_simple_design_filtered,train
211474822_Bath_US_simple_design_filtered,train
212137912_Bath_US_simple_design_filtered,train
213126013_Bath_US_simple_design_filtered,train
211346433_Bath_US_simple_design_filtered,train
211471915_Bath_US_simple_design_filtered,train
214517421_Bath_US_simple_design_filtered,train
209247296_Bath_US_simple_design_filtered,train
209968992_Bath_US_simple_design_filtered,train
210136287_Bath_US_simple_design_filtered,train
214525362_Bath_US_simple_design_filtered,train
209734612_Bath_US_simple_design_filtered,train
211449618_Bath_US_simple_design_filtered,train
214598843_Bath_US_simple_design_filtered,train
214567950_Bath_US_simple_design_filtered,train
211168560_Bath_US_simple_design_filtered,train
211580708_Bath_US_simple_design_filtered,train
213636179_Bath_US_simple_design_filtered,train
214162594_Bath_US_simple_design_filtered,train
210067977_Bath_US_simple_design_filtered,train
210385820_Bath_US_simple_design_filtered,train
213758100_Bath_US_simple_design_filtered,train
210351592_Bath_US_simple_design_filtered,train
213923508_Bath_US_simple_design_filtered,train
213145298_Bath_US_simple_design_filtered,train
214525604_Bath_US_simple_design_filtered,train
213411780_Bath_US_simple_design_filtered,train
212809648_Bath_US_simple_design_filtered,train
212121722_Bath_US_simple_design_filtered,train
212745930_Bath_US_simple_design_filtered,train
209776671_Bath_US_simple_design_filtered,train
210025706_Bath_US_simple_design_filtered,train
211395239_Bath_US_simple_design_filtered,train
214172396_Bath_US_simple_design_filtered,train
213195171_Bath_US_simple_design_filtered,train
212121616_Bath_US_simple_design_filtered,train
213847609_Bath_US_simple_design_filtered,train
214764867_Bath_US_simple_design_filtered,train
211769519_Bath_US_simple_design_filtered,train
214753357_Bath_US_simple_design_filtered,train
210589276_Bath_US_simple_design_filtered,train
209361792_Bath_US_simple_design_filtered,train
214282451_Bath_US_simple_design_filtered,train
210602260_Bath_US_simple_design_filtered,train
214190011_Bath_US_simple_design_filtered,train
214694013_Bath_US_simple_design_filtered,train
213365721_Bath_US_simple_design_filtered,train
212735901_Bath_US_simple_design_filtered,train
214740971_Bath_US_simple_design_filtered,train
213815625_Bath_US_simple_design_filtered,train
211985575_Bath_US_simple_design_filtered,train
214399597_Bath_US_simple_design_filtered,train
214302306_Bath_US_simple_design_filtered,train
209542377_Bath_US_simple_design_filtered,train
212533764_Bath_US_simple_design_filtered,train
210264335_Bath_US_simple_design_filtered,train
211869525_Bath_US_simple_design_filtered,train
210411092_Bath_US_simple_design_filtered,train
214639627_Bath_US_simple_design_filtered,train
209490826_Bath_US_simple_design_filtered,train
212956274_Bath_US_simple_design_filtered,train
211058277_Bath_US_simple_design_filtered,train
214439430_Bath_US_simple_design_filtered,train
214584279_Bath_US_simple_design_filtered,train
214017831_Bath_US_simple_design_filtered,train
211715937_Bath_US_simple_design_filtered,train
214505097_Bath_US_simple_design_filtered,train
210423399_Bath_US_simple_design_filtered,train
212669423_Bath_US_simple_design_filtered,train
210283015_Bath_US_simple_design_filtered,train
214453035_Bath_US_simple_design_filtered,train
211070021_Bath_US_simple_design_filtered,train
211970707_Bath_US_simple_design_filtered,train
213404332_Bath_US_simple_design_filtered,train
209862427_Bath_US_simple_design_filtered,train
210422431_Bath_US_simple_design_filtered,train
211528294_Bath_US_simple_design_filtered,train
212036578_Bath_US_simple_design_filtered,train
211472859_Bath_US_simple_design_filtered,train
210041362_Bath_US_simple_design_filtered,train
213093200_Bath_US_simple_design_filtered,train
210836033_Bath_US_simple_design_filtered,train
210824340_Bath_US_simple_design_filtered,train
211781995_Bath_US_simple_design_filtered,train
213264469_Bath_US_simple_design_filtered,train
212859572_Bath_US_simple_design_filtered,train
213941106_Bath_US_simple_design_filtered,train
213923257_Bath_US_simple_design_filtered,train
213062660_Bath_US_simple_design_filtered,train
210650311_Bath_US_simple_design_filtered,train
211105933_Bath_US_simple_design_filtered,train
214102646_Bath_US_simple_design_filtered,train
210615463_Bath_US_simple_design_filtered,train
212287677_Bath_US_simple_design_filtered,train
211097355_Bath_US_simple_design_filtered,train
214728757_Bath_US_simple_design_filtered,train
209654794_Bath_US_simple_design_filtered,train
212351620_Bath_US_simple_design_filtered,train
209597497_Bath_US_simple_design_filtered,train
213954543_Bath_US_simple_design_filtered,train
214513612_Bath_US_simple_design_filtered,train
213870906_Bath_US_simple_design_filtered,train
213833902_Bath_US_simple_design_filtered,train
209195939_Bath_US_simple_design_filtered,train
211112762_Bath_US_simple_design_filtered,train
214168030_Bath_US_simple_design_filtered,train
210602221_Bath_US_simple_design_filtered,train
213978049_Bath_US_simple_design_filtered,train
210036719_Bath_US_simple_design_filtered,train
211916838_Bath_US_simple_design_filtered,train
212303870_Bath_US_simple_design_filtered,train
211772819_Bath_US_simple_design_filtered,train
214387989_Bath_US_simple_design_filtered,train
213917998_Bath_US_simple_design_filtered,train
211008091_Bath_US_simple_design_filtered,train
210406477_Bath_US_simple_design_filtered,train
213015060_Bath_US_simple_design_filtered,train
213735793_Bath_US_simple_design_filtered,train
213341730_Bath_US_simple_design_filtered,train
213233214_Bath_US_simple_design_filtered,train
213630065_Bath_US_simple_design_filtered,train
210213622_Bath_US_simple_design_filtered,train
212620729_Bath_US_simple_design_filtered,train
212034737_Bath_US_simple_design_filtered,train
210054188_Bath_US_simple_design_filtered,train
210053748_Bath_US_simple_design_filtered,train
212459200_Bath_US_simple_design_filtered,train
214185795_Bath_US_simple_design_filtered,train
212077178_Bath_US_simple_design_filtered,train
209789783_Bath_US_simple_design_filtered,train
214357295_Bath_US_simple_design_filtered,train
213759130_Bath_US_simple_design_filtered,train
210642550_Bath_US_simple_design_filtered,train
209574977_Bath_US_simple_design_filtered,train
210637274_Bath_US_simple_design_filtered,train
210989436_Bath_US_simple_design_filtered,train
213460429_Bath_US_simple_design_filtered,train
213944567_Bath_US_simple_design_filtered,train
209144985_Bath_US_simple_design_filtered,train
212117867_Bath_US_simple_design_filtered,train
211054013_Bath_US_simple_design_filtered,train
199023764_Bath_US_simple_design_filtered,train
212459112_Bath_US_simple_design_filtered,train
212492827_Bath_US_simple_design_filtered,train
210199327_Bath_US_simple_design_filtered,train
211378672_Bath_US_simple_design_filtered,train
213983222_Bath_US_simple_design_filtered,train
214568824_Bath_US_simple_design_filtered,train
214141761_Bath_US_simple_design_filtered,train
214246561_Bath_US_simple_design_filtered,train
210898150_Bath_US_simple_design_filtered,train
209960664_Bath_US_simple_design_filtered,train
212253091_Bath_US_simple_design_filtered,train
210284551_Bath_US_simple_design_filtered,train
212147638_Bath_US_simple_design_filtered,train
213586157_Bath_US_simple_design_filtered,train
203538819_Bath_US_simple_design_filtered,train
214066584_Bath_US_simple_design_filtered,train
210176774_Bath_US_simple_design_filtered,train
211727907_Bath_US_simple_design_filtered,train
214274983_Bath_US_simple_design_filtered,train
214789859_Bath_US_simple_design_filtered,train
214481280_Bath_US_simple_design_filtered,train
213980966_Bath_US_simple_design_filtered,train
214328351_Bath_US_simple_design_filtered,train
210017858_Bath_US_simple_design_filtered,train
208241159_Bath_US_simple_design_filtered,train
212649109_Bath_US_simple_design_filtered,train
210663822_Bath_US_simple_design_filtered,train
212457923_Bath_US_simple_design_filtered,train
211994468_Bath_US_simple_design_filtered,train
213339444_Bath_US_simple_design_filtered,train
211403168_Bath_US_simple_design_filtered,train
211452141_Bath_US_simple_design_filtered,train
209614811_Bath_US_simple_design_filtered,train
212959490_Bath_US_simple_design_filtered,train
214486398_Bath_US_simple_design_filtered,train
214503916_Bath_US_simple_design_filtered,train
214238286_Bath_US_simple_design_filtered,train
210162097_Bath_US_simple_design_filtered,train
209998204_Bath_US_simple_design_filtered,train
209463959_Bath_US_simple_design_filtered,train
209815068_Bath_US_simple_design_filtered,train
212121678_Bath_US_simple_design_filtered,train
212267907_Bath_US_simple_design_filtered,train
210107904_Bath_US_simple_design_filtered,train
213890918_Bath_US_simple_design_filtered,train
214214062_Bath_US_simple_design_filtered,train
211526298_Bath_US_simple_design_filtered,train
212829615_Bath_US_simple_design_filtered,train
211677318_Bath_US_simple_design_filtered,train
212857246_Bath_US_simple_design_filtered,train
210738866_Bath_US_simple_design_filtered,train
212483389_Bath_US_simple_design_filtered,train
214579360_Bath_US_simple_design_filtered,train
210655097_Bath_US_simple_design_filtered,train
214734072_Bath_US_simple_design_filtered,train
214359103_Bath_US_simple_design_filtered,train
210130508_Bath_US_simple_design_filtered,train
211937646_Bath_US_simple_design_filtered,train
213199708_Bath_US_simple_design_filtered,train
211483079_Bath_US_simple_design_filtered,train
212145322_Bath_US_simple_design_filtered,train
213282275_Bath_US_simple_design_filtered,train
213806634_Bath_US_simple_design_filtered,train
213822096_Bath_US_simple_design_filtered,train
213732451_Bath_US_simple_design_filtered,train
212729453_Bath_US_simple_design_filtered,train
210467824_Bath_US_simple_design_filtered,train
209621668_Bath_US_simple_design_filtered,train
210773219_Bath_US_simple_design_filtered,train
211527453_Bath_US_simple_design_filtered,train
211010232_Bath_US_simple_design_filtered,train
214660981_Bath_US_simple_design_filtered,train
210602256_Bath_US_simple_design_filtered,train
209542394_Bath_US_simple_design_filtered,train
211054347_Bath_US_simple_design_filtered,train
213445685_Bath_US_simple_design_filtered,train
214517461_Bath_US_simple_design_filtered,train
212656314_Bath_US_simple_design_filtered,train
213499874_Bath_US_simple_design_filtered,train
214811023_Bath_US_simple_design_filtered,train
210784759_Bath_US_simple_design_filtered,train
214107798_Bath_US_simple_design_filtered,train
211941020_Bath_US_simple_design_filtered,train
214006805_Bath_US_simple_design_filtered,train
214750367_Bath_US_simple_design_filtered,train
214351273_Bath_US_simple_design_filtered,train
212462595_Bath_US_simple_design_filtered,train
210272613_Bath_US_simple_design_filtered,train
214026767_Bath_US_simple_design_filtered,train
213030890_Bath_US_simple_design_filtered,train
209711473_Bath_US_simple_design_filtered,train
213229901_Bath_US_simple_design_filtered,train
213439584_Bath_US_simple_design_filtered,train
214528142_Bath_US_simple_design_filtered,train
210763374_Bath_US_simple_design_filtered,train
213374857_Bath_US_simple_design_filtered,train
210463024_Bath_US_simple_design_filtered,train
211213620_Bath_US_simple_design_filtered,train
211353017_Bath_US_simple_design_filtered,train
210201928_Bath_US_simple_design_filtered,train
211333889_Bath_US_simple_design_filtered,train
213148126_Bath_US_simple_design_filtered,train
211920357_Bath_US_simple_design_filtered,train
214463731_Bath_US_simple_design_filtered,train
214399835_Bath_US_simple_design_filtered,train
209890517_Bath_US_simple_design_filtered,train
214629494_Bath_US_simple_design_filtered,train
214298754_Bath_US_simple_design_filtered,train
210841759_Bath_US_simple_design_filtered,train
213950328_Bath_US_simple_design_filtered,train
210602255_Bath_US_simple_design_filtered,train
213320626_Bath_US_simple_design_filtered,train
209456964_Bath_US_simple_design_filtered,train
209672873_Bath_US_simple_design_filtered,train
213617945_Bath_US_simple_design_filtered,train
210382067_Bath_US_simple_design_filtered,train
212794431_Bath_US_simple_design_filtered,train
211323072_Bath_US_simple_design_filtered,train
213078480_Bath_US_simple_design_filtered,train
213118344_Bath_US_simple_design_filtered,train
214227616_Bath_US_simple_design_filtered,train
210881607_Bath_US_simple_design_filtered,train
212635082_Bath_US_simple_design_filtered,train
209770614_Bath_US_simple_design_filtered,train
211396998_Bath_US_simple_design_filtered,train
210049230_Bath_US_simple_design_filtered,train
212465635_Bath_US_simple_design_filtered,train
211937684_Bath_US_simple_design_filtered,train
213806791_Bath_US_simple_design_filtered,train
209390249_Bath_US_simple_design_filtered,train
214115959_Bath_US_simple_design_filtered,train
210760947_Bath_US_simple_design_filtered,train
213016908_Bath_US_simple_design_filtered,train
211150189_Bath_US_simple_design_filtered,train
214345431_Bath_US_simple_design_filtered,train
211291187_Bath_US_simple_design_filtered,train
209879052_Bath_US_simple_design_filtered,train
211400045_Bath_US_simple_design_filtered,train
214638729_Bath_US_simple_design_filtered,train
214720662_Bath_US_simple_design_filtered,train
211107265_Bath_US_simple_design_filtered,train
213935540_Bath_US_simple_design_filtered,train
210519783_Bath_US_simple_design_filtered,train
210162921_Bath_US_simple_design_filtered,train
214517449_Bath_US_simple_design_filtered,train
211115525_Bath_US_simple_design_filtered,train
214684730_Bath_US_simple_design_filtered,train
213612419_Bath_US_simple_design_filtered,train
210189149_Bath_US_simple_design_filtered,train
214114235_Bath_US_simple_design_filtered,train
213923904_Bath_US_simple_design_filtered,train
207380345_Bath_US_simple_design_filtered,train
214424812_Bath_US_simple_design_filtered,train
214138979_Bath_US_simple_design_filtered,train
210800239_Bath_US_simple_design_filtered,train
212874012_Bath_US_simple_design_filtered,train
211895915_Bath_US_simple_design_filtered,train
210573751_Bath_US_simple_design_filtered,train
211624801_Bath_US_simple_design_filtered,train
214688661_Bath_US_simple_design_filtered,train
213617781_Bath_US_simple_design_filtered,train
213231192_Bath_US_simple_design_filtered,train
213672119_Bath_US_simple_design_filtered,train
210394405_Bath_US_simple_design_filtered,train
212672827_Bath_US_simple_design_filtered,train
209202517_Bath_US_simple_design_filtered,train
213016427_Bath_US_simple_design_filtered,train
212251332_Bath_US_simple_design_filtered,train
210602262_Bath_US_simple_design_filtered,train
210543514_Bath_US_simple_design_filtered,train
209823157_Bath_US_simple_design_filtered,train
209271795_Bath_US_simple_design_filtered,train
209272989_Bath_US_simple_design_filtered,train
211658940_Bath_US_simple_design_filtered,train
212887382_Bath_US_simple_design_filtered,train
209799397_Bath_US_simple_design_filtered,train
212608390_Bath_US_simple_design_filtered,train
214508384_Bath_US_simple_design_filtered,train
214763486_Bath_US_simple_design_filtered,train
213411005_Bath_US_simple_design_filtered,train
209930191_Bath_US_simple_design_filtered,train
213832813_Bath_US_simple_design_filtered,train
210111835_Bath_US_simple_design_filtered,train
210594557_Bath_US_simple_design_filtered,train
210653420_Bath_US_simple_design_filtered,train
210794561_Bath_US_simple_design_filtered,train
213839933_Bath_US_simple_design_filtered,train
209197189_Bath_US_simple_design_filtered,train
209998303_Bath_US_simple_design_filtered,train
213190931_Bath_US_simple_design_filtered,train
