191116082_Bath_US,test
207503236_Bath_US,test
207658249_Bath_US,test
209654794_Bath_US,test
209721802_Bath_US,test
209728350_Bath_US,test
209792785_Bath_US,test
210150794_Bath_US,test
210246361_Bath_US,test
210272017_Bath_US,test
210272613_Bath_US,test
210378595_Bath_US,test
210444252_Bath_US,test
210592966_Bath_US,test
210644289_Bath_US,test
210667381_Bath_US,test
210680734_Bath_US,test
210695825_Bath_US,test
210762181_Bath_US,test
211134427_Bath_US,test
211140512_Bath_US,test
211150383_Bath_US,test
211173079_Bath_US,test
211403168_Bath_US,test
211468409_Bath_US,test
211470793_Bath_US,test
211623603_Bath_US,test
211770692_Bath_US,test
211857099_Bath_US,test
212370157_Bath_US,test
212431547_Bath_US,test
212449231_Bath_US,test
213020569_Bath_US,test
213085223_Bath_US,test
213229901_Bath_US,test
213233653_Bath_US,test
213352391_Bath_US,test
213368082_Bath_US,test
213374857_Bath_US,test
213400941_Bath_US,test
213411005_Bath_US,test
213563985_Bath_US,test
213728115_Bath_US,test
213847609_Bath_US,test
213871879_Bath_US,test
213893872_Bath_US,test
213954543_Bath_US,test
214114102_Bath_US,test
214123840_Bath_US,test
214227953_Bath_US,test
214240549_Bath_US,test
214297939_Bath_US,test
214369115_Bath_US,test
214406154_Bath_US,test
214422158_Bath_US,test
214534656_Bath_US,test
214586831_Bath_US,test
208132056_Bath_US,val
209096046_Bath_US,val
209241592_Bath_US,val
209718044_Bath_US,val
209722089_Bath_US,val
209866450_Bath_US,val
209897989_Bath_US,val
210053748_Bath_US,val
210122959_Bath_US,val
210237290_Bath_US,val
210421781_Bath_US,val
210537706_Bath_US,val
210548431_Bath_US,val
210620958_Bath_US,val
210667681_Bath_US,val
210707337_Bath_US,val
210751517_Bath_US,val
211055225_Bath_US,val
211223427_Bath_US,val
211229944_Bath_US,val
211231778_Bath_US,val
211257069_Bath_US,val
211326964_Bath_US,val
211338699_Bath_US,val
211367828_Bath_US,val
211638253_Bath_US,val
211730223_Bath_US,val
211730575_Bath_US,val
211769251_Bath_US,val
211794391_Bath_US,val
211951903_Bath_US,val
212098135_Bath_US,val
212398806_Bath_US,val
212829615_Bath_US,val
212904390_Bath_US,val
212970488_Bath_US,val
212991828_Bath_US,val
213016427_Bath_US,val
213130496_Bath_US,val
213146639_Bath_US,val
213445246_Bath_US,val
213587077_Bath_US,val
213727315_Bath_US,val
213795317_Bath_US,val
213840020_Bath_US,val
213895749_Bath_US,val
213923904_Bath_US,val
213983913_Bath_US,val
213989405_Bath_US,val
214034453_Bath_US,val
214035502_Bath_US,val
214089557_Bath_US,val
214193743_Bath_US,val
214345431_Bath_US,val
214387989_Bath_US,val
214584183_Bath_US,val
214777973_Bath_US,val
214786975_Bath_US,val
214792829_Bath_US,val
