191106600_Bath_US_simple_design_filtered,test
191114587_Bath_US_simple_design_filtered,test
191116082_Bath_US_simple_design_filtered,test
191116299_Bath_US_simple_design_filtered,test
191117130_Bath_US_simple_design_filtered,test
207283061_Bath_US_simple_design_filtered,test
207503236_Bath_US_simple_design_filtered,test
207658249_Bath_US_simple_design_filtered,test
209070954_Bath_US_simple_design_filtered,test
209195939_Bath_US_simple_design_filtered,test
209278216_Bath_US_simple_design_filtered,test
209365765_Bath_US_simple_design_filtered,test
209409758_Bath_US_simple_design_filtered,test
209654794_Bath_US_simple_design_filtered,test
209703108_Bath_US_simple_design_filtered,test
209721802_Bath_US_simple_design_filtered,test
209724072_Bath_US_simple_design_filtered,test
209728350_Bath_US_simple_design_filtered,test
209734612_Bath_US_simple_design_filtered,test
209765696_Bath_US_simple_design_filtered,test
209775746_Bath_US_simple_design_filtered,test
209792785_Bath_US_simple_design_filtered,test
209800609_Bath_US_simple_design_filtered,test
209853198_Bath_US_simple_design_filtered,test
210018678_Bath_US_simple_design_filtered,test
210052448_Bath_US_simple_design_filtered,test
210076983_Bath_US_simple_design_filtered,test
210150794_Bath_US_simple_design_filtered,test
210189149_Bath_US_simple_design_filtered,test
210246361_Bath_US_simple_design_filtered,test
210272017_Bath_US_simple_design_filtered,test
210272613_Bath_US_simple_design_filtered,test
210296746_Bath_US_simple_design_filtered,test
210378595_Bath_US_simple_design_filtered,test
210389916_Bath_US_simple_design_filtered,test
210441015_Bath_US_simple_design_filtered,test
210444252_Bath_US_simple_design_filtered,test
210453585_Bath_US_simple_design_filtered,test
210469647_Bath_US_simple_design_filtered,test
210482050_Bath_US_simple_design_filtered,test
210592966_Bath_US_simple_design_filtered,test
210644289_Bath_US_simple_design_filtered,test
210655472_Bath_US_simple_design_filtered,test
210667381_Bath_US_simple_design_filtered,test
210680734_Bath_US_simple_design_filtered,test
210695825_Bath_US_simple_design_filtered,test
210738866_Bath_US_simple_design_filtered,test
210762181_Bath_US_simple_design_filtered,test
210898633_Bath_US_simple_design_filtered,test
210904039_Bath_US_simple_design_filtered,test
210969904_Bath_US_simple_design_filtered,test
211120317_Bath_US_simple_design_filtered,test
211127321_Bath_US_simple_design_filtered,test
211134427_Bath_US_simple_design_filtered,test
211140512_Bath_US_simple_design_filtered,test
211150383_Bath_US_simple_design_filtered,test
211170482_Bath_US_simple_design_filtered,test
211173079_Bath_US_simple_design_filtered,test
211179968_Bath_US_simple_design_filtered,test
211222445_Bath_US_simple_design_filtered,test
211325142_Bath_US_simple_design_filtered,test
211325431_Bath_US_simple_design_filtered,test
211339298_Bath_US_simple_design_filtered,test
211403168_Bath_US_simple_design_filtered,test
211449618_Bath_US_simple_design_filtered,test
211468409_Bath_US_simple_design_filtered,test
211470793_Bath_US_simple_design_filtered,test
211504393_Bath_US_simple_design_filtered,test
211555350_Bath_US_simple_design_filtered,test
211568531_Bath_US_simple_design_filtered,test
211594406_Bath_US_simple_design_filtered,test
211623603_Bath_US_simple_design_filtered,test
211623808_Bath_US_simple_design_filtered,test
211682798_Bath_US_simple_design_filtered,test
211770692_Bath_US_simple_design_filtered,test
211809626_Bath_US_simple_design_filtered,test
211817603_Bath_US_simple_design_filtered,test
211843885_Bath_US_simple_design_filtered,test
211856614_Bath_US_simple_design_filtered,test
211857099_Bath_US_simple_design_filtered,test
211902215_Bath_US_simple_design_filtered,test
211975375_Bath_US_simple_design_filtered,test
212080523_Bath_US_simple_design_filtered,test
212124180_Bath_US_simple_design_filtered,test
212251332_Bath_US_simple_design_filtered,test
212370157_Bath_US_simple_design_filtered,test
212374232_Bath_US_simple_design_filtered,test
212406164_Bath_US_simple_design_filtered,test
212431547_Bath_US_simple_design_filtered,test
212449231_Bath_US_simple_design_filtered,test
212474743_Bath_US_simple_design_filtered,test
212494729_Bath_US_simple_design_filtered,test
212610171_Bath_US_simple_design_filtered,test
212646715_Bath_US_simple_design_filtered,test
212649361_Bath_US_simple_design_filtered,test
212709911_Bath_US_simple_design_filtered,test
212711035_Bath_US_simple_design_filtered,test
212715319_Bath_US_simple_design_filtered,test
212742792_Bath_US_simple_design_filtered,test
212958830_Bath_US_simple_design_filtered,test
212979790_Bath_US_simple_design_filtered,test
213020569_Bath_US_simple_design_filtered,test
213085223_Bath_US_simple_design_filtered,test
213208855_Bath_US_simple_design_filtered,test
213229901_Bath_US_simple_design_filtered,test
213233653_Bath_US_simple_design_filtered,test
213308063_Bath_US_simple_design_filtered,test
213349850_Bath_US_simple_design_filtered,test
213352391_Bath_US_simple_design_filtered,test
213365721_Bath_US_simple_design_filtered,test
213368082_Bath_US_simple_design_filtered,test
213374857_Bath_US_simple_design_filtered,test
213400941_Bath_US_simple_design_filtered,test
213411005_Bath_US_simple_design_filtered,test
213444965_Bath_US_simple_design_filtered,test
213478319_Bath_US_simple_design_filtered,test
213509651_Bath_US_simple_design_filtered,test
213563985_Bath_US_simple_design_filtered,test
213634060_Bath_US_simple_design_filtered,test
213728115_Bath_US_simple_design_filtered,test
213732451_Bath_US_simple_design_filtered,test
213740433_Bath_US_simple_design_filtered,test
213847609_Bath_US_simple_design_filtered,test
213864209_Bath_US_simple_design_filtered,test
213864541_Bath_US_simple_design_filtered,test
213871879_Bath_US_simple_design_filtered,test
213893872_Bath_US_simple_design_filtered,test
213948729_Bath_US_simple_design_filtered,test
213954543_Bath_US_simple_design_filtered,test
213980966_Bath_US_simple_design_filtered,test
214078162_Bath_US_simple_design_filtered,test
214080714_Bath_US_simple_design_filtered,test
214113743_Bath_US_simple_design_filtered,test
214114102_Bath_US_simple_design_filtered,test
214123840_Bath_US_simple_design_filtered,test
214178942_Bath_US_simple_design_filtered,test
214200806_Bath_US_simple_design_filtered,test
214227953_Bath_US_simple_design_filtered,test
214240549_Bath_US_simple_design_filtered,test
214297939_Bath_US_simple_design_filtered,test
214302986_Bath_US_simple_design_filtered,test
214357295_Bath_US_simple_design_filtered,test
214369115_Bath_US_simple_design_filtered,test
214406154_Bath_US_simple_design_filtered,test
214422158_Bath_US_simple_design_filtered,test
214438385_Bath_US_simple_design_filtered,test
214503916_Bath_US_simple_design_filtered,test
214534238_Bath_US_simple_design_filtered,test
214534656_Bath_US_simple_design_filtered,test
214586831_Bath_US_simple_design_filtered,test
214613253_Bath_US_simple_design_filtered,test
214638729_Bath_US_simple_design_filtered,test
214660439_Bath_US_simple_design_filtered,test
214681764_Bath_US_simple_design_filtered,test
214764867_Bath_US_simple_design_filtered,test
194005517_Bath_US_simple_design_filtered,train
195291818_Bath_US_simple_design_filtered,train
196292910_Bath_US_simple_design_filtered,train
196359574_Bath_US_simple_design_filtered,train
196386046_Bath_US_simple_design_filtered,train
197199456_Bath_US_simple_design_filtered,train
198945746_Bath_US_simple_design_filtered,train
199023764_Bath_US_simple_design_filtered,train
200850960_Bath_US_simple_design_filtered,train
201726609_Bath_US_simple_design_filtered,train
202147159_Bath_US_simple_design_filtered,train
202162962_Bath_US_simple_design_filtered,train
203538819_Bath_US_simple_design_filtered,train
203865751_Bath_US_simple_design_filtered,train
204282951_Bath_US_simple_design_filtered,train
204748662_Bath_US_simple_design_filtered,train
205418004_Bath_US_simple_design_filtered,train
205434437_Bath_US_simple_design_filtered,train
205548377_Bath_US_simple_design_filtered,train
205701019_Bath_US_simple_design_filtered,train
206361662_Bath_US_simple_design_filtered,train
206512285_Bath_US_simple_design_filtered,train
206529185_Bath_US_simple_design_filtered,train
206881158_Bath_US_simple_design_filtered,train
207104617_Bath_US_simple_design_filtered,train
207363972_Bath_US_simple_design_filtered,train
207372433_Bath_US_simple_design_filtered,train
207380345_Bath_US_simple_design_filtered,train
207381196_Bath_US_simple_design_filtered,train
207432034_Bath_US_simple_design_filtered,train
207640387_Bath_US_simple_design_filtered,train
207681902_Bath_US_simple_design_filtered,train
207775725_Bath_US_simple_design_filtered,train
207937677_Bath_US_simple_design_filtered,train
207961555_Bath_US_simple_design_filtered,train
208502710_Bath_US_simple_design_filtered,train
208618277_Bath_US_simple_design_filtered,train
208716349_Bath_US_simple_design_filtered,train
208753308_Bath_US_simple_design_filtered,train
208963907_Bath_US_simple_design_filtered,train
208983774_Bath_US_simple_design_filtered,train
208990429_Bath_US_simple_design_filtered,train
208990719_Bath_US_simple_design_filtered,train
208990862_Bath_US_simple_design_filtered,train
209002735_Bath_US_simple_design_filtered,train
209021280_Bath_US_simple_design_filtered,train
209098524_Bath_US_simple_design_filtered,train
209144288_Bath_US_simple_design_filtered,train
209144985_Bath_US_simple_design_filtered,train
209152842_Bath_US_simple_design_filtered,train
209156053_Bath_US_simple_design_filtered,train
209158780_Bath_US_simple_design_filtered,train
209196240_Bath_US_simple_design_filtered,train
209196867_Bath_US_simple_design_filtered,train
209197189_Bath_US_simple_design_filtered,train
209202517_Bath_US_simple_design_filtered,train
209205784_Bath_US_simple_design_filtered,train
209206102_Bath_US_simple_design_filtered,train
209214641_Bath_US_simple_design_filtered,train
209223117_Bath_US_simple_design_filtered,train
209224098_Bath_US_simple_design_filtered,train
209224125_Bath_US_simple_design_filtered,train
209228741_Bath_US_simple_design_filtered,train
209237798_Bath_US_simple_design_filtered,train
209238234_Bath_US_simple_design_filtered,train
209241380_Bath_US_simple_design_filtered,train
209241531_Bath_US_simple_design_filtered,train
209247296_Bath_US_simple_design_filtered,train
209253857_Bath_US_simple_design_filtered,train
209255557_Bath_US_simple_design_filtered,train
209258941_Bath_US_simple_design_filtered,train
209260773_Bath_US_simple_design_filtered,train
209266701_Bath_US_simple_design_filtered,train
209270119_Bath_US_simple_design_filtered,train
209271795_Bath_US_simple_design_filtered,train
209275317_Bath_US_simple_design_filtered,train
209277304_Bath_US_simple_design_filtered,train
209277585_Bath_US_simple_design_filtered,train
209278342_Bath_US_simple_design_filtered,train
209280131_Bath_US_simple_design_filtered,train
209281506_Bath_US_simple_design_filtered,train
209283872_Bath_US_simple_design_filtered,train
209285645_Bath_US_simple_design_filtered,train
209289397_Bath_US_simple_design_filtered,train
209306823_Bath_US_simple_design_filtered,train
209309757_Bath_US_simple_design_filtered,train
209312351_Bath_US_simple_design_filtered,train
209321180_Bath_US_simple_design_filtered,train
209321785_Bath_US_simple_design_filtered,train
209322018_Bath_US_simple_design_filtered,train
209324164_Bath_US_simple_design_filtered,train
209325598_Bath_US_simple_design_filtered,train
209326894_Bath_US_simple_design_filtered,train
209327724_Bath_US_simple_design_filtered,train
209327727_Bath_US_simple_design_filtered,train
209331551_Bath_US_simple_design_filtered,train
209339239_Bath_US_simple_design_filtered,train
209341227_Bath_US_simple_design_filtered,train
209345738_Bath_US_simple_design_filtered,train
209352082_Bath_US_simple_design_filtered,train
209361792_Bath_US_simple_design_filtered,train
209362012_Bath_US_simple_design_filtered,train
209364906_Bath_US_simple_design_filtered,train
209365233_Bath_US_simple_design_filtered,train
209385503_Bath_US_simple_design_filtered,train
209388948_Bath_US_simple_design_filtered,train
209390247_Bath_US_simple_design_filtered,train
209390251_Bath_US_simple_design_filtered,train
209394027_Bath_US_simple_design_filtered,train
209395252_Bath_US_simple_design_filtered,train
209399368_Bath_US_simple_design_filtered,train
209399767_Bath_US_simple_design_filtered,train
209402402_Bath_US_simple_design_filtered,train
209408471_Bath_US_simple_design_filtered,train
209427587_Bath_US_simple_design_filtered,train
209437528_Bath_US_simple_design_filtered,train
209447883_Bath_US_simple_design_filtered,train
209453204_Bath_US_simple_design_filtered,train
209456964_Bath_US_simple_design_filtered,train
209463959_Bath_US_simple_design_filtered,train
209465301_Bath_US_simple_design_filtered,train
209465323_Bath_US_simple_design_filtered,train
209466807_Bath_US_simple_design_filtered,train
209470363_Bath_US_simple_design_filtered,train
209470390_Bath_US_simple_design_filtered,train
209483649_Bath_US_simple_design_filtered,train
209484760_Bath_US_simple_design_filtered,train
209490826_Bath_US_simple_design_filtered,train
209505412_Bath_US_simple_design_filtered,train
209513100_Bath_US_simple_design_filtered,train
209520889_Bath_US_simple_design_filtered,train
209530352_Bath_US_simple_design_filtered,train
209542377_Bath_US_simple_design_filtered,train
209574294_Bath_US_simple_design_filtered,train
209574977_Bath_US_simple_design_filtered,train
209584402_Bath_US_simple_design_filtered,train
209590779_Bath_US_simple_design_filtered,train
209591085_Bath_US_simple_design_filtered,train
209609973_Bath_US_simple_design_filtered,train
209614811_Bath_US_simple_design_filtered,train
209621668_Bath_US_simple_design_filtered,train
209630034_Bath_US_simple_design_filtered,train
209645953_Bath_US_simple_design_filtered,train
209656220_Bath_US_simple_design_filtered,train
209670119_Bath_US_simple_design_filtered,train
209672873_Bath_US_simple_design_filtered,train
209679939_Bath_US_simple_design_filtered,train
209680322_Bath_US_simple_design_filtered,train
209693135_Bath_US_simple_design_filtered,train
209693225_Bath_US_simple_design_filtered,train
209697754_Bath_US_simple_design_filtered,train
209700460_Bath_US_simple_design_filtered,train
209701466_Bath_US_simple_design_filtered,train
209711473_Bath_US_simple_design_filtered,train
209711698_Bath_US_simple_design_filtered,train
209711811_Bath_US_simple_design_filtered,train
209717310_Bath_US_simple_design_filtered,train
209721797_Bath_US_simple_design_filtered,train
209735957_Bath_US_simple_design_filtered,train
209739624_Bath_US_simple_design_filtered,train
209759389_Bath_US_simple_design_filtered,train
209775204_Bath_US_simple_design_filtered,train
209783212_Bath_US_simple_design_filtered,train
209783392_Bath_US_simple_design_filtered,train
209789783_Bath_US_simple_design_filtered,train
209799397_Bath_US_simple_design_filtered,train
209800646_Bath_US_simple_design_filtered,train
209801190_Bath_US_simple_design_filtered,train
209811334_Bath_US_simple_design_filtered,train
209811894_Bath_US_simple_design_filtered,train
209816298_Bath_US_simple_design_filtered,train
209816570_Bath_US_simple_design_filtered,train
209816936_Bath_US_simple_design_filtered,train
209823157_Bath_US_simple_design_filtered,train
209824132_Bath_US_simple_design_filtered,train
209834843_Bath_US_simple_design_filtered,train
209835555_Bath_US_simple_design_filtered,train
209835655_Bath_US_simple_design_filtered,train
209837708_Bath_US_simple_design_filtered,train
209844304_Bath_US_simple_design_filtered,train
209845737_Bath_US_simple_design_filtered,train
209850613_Bath_US_simple_design_filtered,train
209851968_Bath_US_simple_design_filtered,train
209853324_Bath_US_simple_design_filtered,train
209853434_Bath_US_simple_design_filtered,train
209857625_Bath_US_simple_design_filtered,train
209857694_Bath_US_simple_design_filtered,train
209862427_Bath_US_simple_design_filtered,train
209868802_Bath_US_simple_design_filtered,train
209879052_Bath_US_simple_design_filtered,train
209882765_Bath_US_simple_design_filtered,train
209884830_Bath_US_simple_design_filtered,train
209890517_Bath_US_simple_design_filtered,train
209897990_Bath_US_simple_design_filtered,train
209898108_Bath_US_simple_design_filtered,train
209898233_Bath_US_simple_design_filtered,train
209898292_Bath_US_simple_design_filtered,train
209903333_Bath_US_simple_design_filtered,train
209906908_Bath_US_simple_design_filtered,train
209907162_Bath_US_simple_design_filtered,train
209912734_Bath_US_simple_design_filtered,train
209912844_Bath_US_simple_design_filtered,train
209923465_Bath_US_simple_design_filtered,train
209925764_Bath_US_simple_design_filtered,train
209928572_Bath_US_simple_design_filtered,train
209929006_Bath_US_simple_design_filtered,train
209929496_Bath_US_simple_design_filtered,train
209930191_Bath_US_simple_design_filtered,train
209933195_Bath_US_simple_design_filtered,train
209934354_Bath_US_simple_design_filtered,train
209946519_Bath_US_simple_design_filtered,train
209960664_Bath_US_simple_design_filtered,train
209978256_Bath_US_simple_design_filtered,train
209981118_Bath_US_simple_design_filtered,train
209997943_Bath_US_simple_design_filtered,train
209998204_Bath_US_simple_design_filtered,train
210007355_Bath_US_simple_design_filtered,train
210017858_Bath_US_simple_design_filtered,train
210025706_Bath_US_simple_design_filtered,train
210029376_Bath_US_simple_design_filtered,train
210037402_Bath_US_simple_design_filtered,train
210039453_Bath_US_simple_design_filtered,train
210041286_Bath_US_simple_design_filtered,train
210041355_Bath_US_simple_design_filtered,train
210049342_Bath_US_simple_design_filtered,train
210054188_Bath_US_simple_design_filtered,train
210064490_Bath_US_simple_design_filtered,train
210065443_Bath_US_simple_design_filtered,train
210065448_Bath_US_simple_design_filtered,train
210068126_Bath_US_simple_design_filtered,train
210076981_Bath_US_simple_design_filtered,train
210084466_Bath_US_simple_design_filtered,train
210093193_Bath_US_simple_design_filtered,train
210094076_Bath_US_simple_design_filtered,train
210094079_Bath_US_simple_design_filtered,train
210095171_Bath_US_simple_design_filtered,train
210101577_Bath_US_simple_design_filtered,train
210107226_Bath_US_simple_design_filtered,train
210111346_Bath_US_simple_design_filtered,train
210111835_Bath_US_simple_design_filtered,train
210114749_Bath_US_simple_design_filtered,train
210123396_Bath_US_simple_design_filtered,train
210127098_Bath_US_simple_design_filtered,train
210136287_Bath_US_simple_design_filtered,train
210137125_Bath_US_simple_design_filtered,train
210138619_Bath_US_simple_design_filtered,train
210138630_Bath_US_simple_design_filtered,train
210138735_Bath_US_simple_design_filtered,train
210140801_Bath_US_simple_design_filtered,train
210145683_Bath_US_simple_design_filtered,train
210151193_Bath_US_simple_design_filtered,train
210155086_Bath_US_simple_design_filtered,train
210155128_Bath_US_simple_design_filtered,train
210162097_Bath_US_simple_design_filtered,train
210162921_Bath_US_simple_design_filtered,train
210162928_Bath_US_simple_design_filtered,train
210170915_Bath_US_simple_design_filtered,train
210176774_Bath_US_simple_design_filtered,train
210189177_Bath_US_simple_design_filtered,train
210201928_Bath_US_simple_design_filtered,train
210210708_Bath_US_simple_design_filtered,train
210211331_Bath_US_simple_design_filtered,train
210213622_Bath_US_simple_design_filtered,train
210215228_Bath_US_simple_design_filtered,train
210222733_Bath_US_simple_design_filtered,train
210231628_Bath_US_simple_design_filtered,train
210233788_Bath_US_simple_design_filtered,train
210235535_Bath_US_simple_design_filtered,train
210235702_Bath_US_simple_design_filtered,train
210238704_Bath_US_simple_design_filtered,train
210246677_Bath_US_simple_design_filtered,train
210251865_Bath_US_simple_design_filtered,train
210264335_Bath_US_simple_design_filtered,train
210272638_Bath_US_simple_design_filtered,train
210274360_Bath_US_simple_design_filtered,train
210275452_Bath_US_simple_design_filtered,train
210276230_Bath_US_simple_design_filtered,train
210276406_Bath_US_simple_design_filtered,train
210277876_Bath_US_simple_design_filtered,train
210278211_Bath_US_simple_design_filtered,train
210283015_Bath_US_simple_design_filtered,train
210285432_Bath_US_simple_design_filtered,train
210286170_Bath_US_simple_design_filtered,train
210287450_Bath_US_simple_design_filtered,train
210287665_Bath_US_simple_design_filtered,train
210290787_Bath_US_simple_design_filtered,train
210295867_Bath_US_simple_design_filtered,train
210297135_Bath_US_simple_design_filtered,train
210310036_Bath_US_simple_design_filtered,train
210311266_Bath_US_simple_design_filtered,train
210313345_Bath_US_simple_design_filtered,train
210313604_Bath_US_simple_design_filtered,train
210317652_Bath_US_simple_design_filtered,train
210329486_Bath_US_simple_design_filtered,train
210329666_Bath_US_simple_design_filtered,train
210339320_Bath_US_simple_design_filtered,train
210339767_Bath_US_simple_design_filtered,train
210351592_Bath_US_simple_design_filtered,train
210370321_Bath_US_simple_design_filtered,train
210381151_Bath_US_simple_design_filtered,train
210382067_Bath_US_simple_design_filtered,train
210383147_Bath_US_simple_design_filtered,train
210385820_Bath_US_simple_design_filtered,train
210385835_Bath_US_simple_design_filtered,train
210394274_Bath_US_simple_design_filtered,train
210394405_Bath_US_simple_design_filtered,train
210398681_Bath_US_simple_design_filtered,train
210402731_Bath_US_simple_design_filtered,train
210410989_Bath_US_simple_design_filtered,train
210411092_Bath_US_simple_design_filtered,train
210418919_Bath_US_simple_design_filtered,train
210422431_Bath_US_simple_design_filtered,train
210423399_Bath_US_simple_design_filtered,train
210424006_Bath_US_simple_design_filtered,train
210428195_Bath_US_simple_design_filtered,train
210434899_Bath_US_simple_design_filtered,train
210439238_Bath_US_simple_design_filtered,train
210440289_Bath_US_simple_design_filtered,train
210442283_Bath_US_simple_design_filtered,train
210455042_Bath_US_simple_design_filtered,train
210460220_Bath_US_simple_design_filtered,train
210467479_Bath_US_simple_design_filtered,train
210474126_Bath_US_simple_design_filtered,train
210477912_Bath_US_simple_design_filtered,train
210478582_Bath_US_simple_design_filtered,train
210486196_Bath_US_simple_design_filtered,train
210498556_Bath_US_simple_design_filtered,train
210513678_Bath_US_simple_design_filtered,train
210517062_Bath_US_simple_design_filtered,train
210523030_Bath_US_simple_design_filtered,train
210523494_Bath_US_simple_design_filtered,train
210523616_Bath_US_simple_design_filtered,train
210527935_Bath_US_simple_design_filtered,train
210543514_Bath_US_simple_design_filtered,train
210546902_Bath_US_simple_design_filtered,train
210553275_Bath_US_simple_design_filtered,train
210556333_Bath_US_simple_design_filtered,train
210560332_Bath_US_simple_design_filtered,train
210563206_Bath_US_simple_design_filtered,train
210564140_Bath_US_simple_design_filtered,train
210571714_Bath_US_simple_design_filtered,train
210573751_Bath_US_simple_design_filtered,train
210580939_Bath_US_simple_design_filtered,train
210583800_Bath_US_simple_design_filtered,train
210585704_Bath_US_simple_design_filtered,train
210587281_Bath_US_simple_design_filtered,train
210587413_Bath_US_simple_design_filtered,train
210588068_Bath_US_simple_design_filtered,train
210589276_Bath_US_simple_design_filtered,train
210589872_Bath_US_simple_design_filtered,train
210594557_Bath_US_simple_design_filtered,train
210595306_Bath_US_simple_design_filtered,train
210595325_Bath_US_simple_design_filtered,train
210595333_Bath_US_simple_design_filtered,train
210595341_Bath_US_simple_design_filtered,train
210597091_Bath_US_simple_design_filtered,train
210597539_Bath_US_simple_design_filtered,train
210602221_Bath_US_simple_design_filtered,train
210602256_Bath_US_simple_design_filtered,train
210602260_Bath_US_simple_design_filtered,train
210602262_Bath_US_simple_design_filtered,train
210602266_Bath_US_simple_design_filtered,train
210603604_Bath_US_simple_design_filtered,train
210607660_Bath_US_simple_design_filtered,train
210610079_Bath_US_simple_design_filtered,train
210615463_Bath_US_simple_design_filtered,train
210632928_Bath_US_simple_design_filtered,train
210638520_Bath_US_simple_design_filtered,train
210645275_Bath_US_simple_design_filtered,train
210646555_Bath_US_simple_design_filtered,train
210648571_Bath_US_simple_design_filtered,train
210650311_Bath_US_simple_design_filtered,train
210653420_Bath_US_simple_design_filtered,train
210654673_Bath_US_simple_design_filtered,train
210654907_Bath_US_simple_design_filtered,train
210655097_Bath_US_simple_design_filtered,train
210655301_Bath_US_simple_design_filtered,train
210663682_Bath_US_simple_design_filtered,train
210664391_Bath_US_simple_design_filtered,train
210665629_Bath_US_simple_design_filtered,train
210667780_Bath_US_simple_design_filtered,train
210668282_Bath_US_simple_design_filtered,train
210670647_Bath_US_simple_design_filtered,train
210680054_Bath_US_simple_design_filtered,train
210695851_Bath_US_simple_design_filtered,train
210696946_Bath_US_simple_design_filtered,train
210705377_Bath_US_simple_design_filtered,train
210707979_Bath_US_simple_design_filtered,train
210715827_Bath_US_simple_design_filtered,train
210721465_Bath_US_simple_design_filtered,train
210730663_Bath_US_simple_design_filtered,train
210746233_Bath_US_simple_design_filtered,train
210751632_Bath_US_simple_design_filtered,train
210759814_Bath_US_simple_design_filtered,train
210763374_Bath_US_simple_design_filtered,train
210766216_Bath_US_simple_design_filtered,train
210779380_Bath_US_simple_design_filtered,train
210783733_Bath_US_simple_design_filtered,train
210784759_Bath_US_simple_design_filtered,train
210785398_Bath_US_simple_design_filtered,train
210787080_Bath_US_simple_design_filtered,train
210791018_Bath_US_simple_design_filtered,train
210793817_Bath_US_simple_design_filtered,train
210794537_Bath_US_simple_design_filtered,train
210794561_Bath_US_simple_design_filtered,train
210794938_Bath_US_simple_design_filtered,train
210797334_Bath_US_simple_design_filtered,train
210797955_Bath_US_simple_design_filtered,train
210798098_Bath_US_simple_design_filtered,train
210798229_Bath_US_simple_design_filtered,train
210798286_Bath_US_simple_design_filtered,train
210800238_Bath_US_simple_design_filtered,train
210800307_Bath_US_simple_design_filtered,train
210803252_Bath_US_simple_design_filtered,train
210803650_Bath_US_simple_design_filtered,train
210809515_Bath_US_simple_design_filtered,train
210812852_Bath_US_simple_design_filtered,train
210812926_Bath_US_simple_design_filtered,train
210813833_Bath_US_simple_design_filtered,train
210818979_Bath_US_simple_design_filtered,train
210820859_Bath_US_simple_design_filtered,train
210824340_Bath_US_simple_design_filtered,train
210827257_Bath_US_simple_design_filtered,train
210829035_Bath_US_simple_design_filtered,train
210835985_Bath_US_simple_design_filtered,train
210836033_Bath_US_simple_design_filtered,train
210844571_Bath_US_simple_design_filtered,train
210845662_Bath_US_simple_design_filtered,train
210845894_Bath_US_simple_design_filtered,train
210846778_Bath_US_simple_design_filtered,train
210847313_Bath_US_simple_design_filtered,train
210847495_Bath_US_simple_design_filtered,train
210870820_Bath_US_simple_design_filtered,train
210884948_Bath_US_simple_design_filtered,train
210885220_Bath_US_simple_design_filtered,train
210885399_Bath_US_simple_design_filtered,train
210891942_Bath_US_simple_design_filtered,train
210891961_Bath_US_simple_design_filtered,train
210896637_Bath_US_simple_design_filtered,train
210898150_Bath_US_simple_design_filtered,train
210898686_Bath_US_simple_design_filtered,train
210899394_Bath_US_simple_design_filtered,train
210905190_Bath_US_simple_design_filtered,train
210906528_Bath_US_simple_design_filtered,train
210910108_Bath_US_simple_design_filtered,train
210914907_Bath_US_simple_design_filtered,train
210915763_Bath_US_simple_design_filtered,train
210917953_Bath_US_simple_design_filtered,train
210922009_Bath_US_simple_design_filtered,train
210928255_Bath_US_simple_design_filtered,train
210928509_Bath_US_simple_design_filtered,train
210934253_Bath_US_simple_design_filtered,train
210938034_Bath_US_simple_design_filtered,train
210938275_Bath_US_simple_design_filtered,train
210945061_Bath_US_simple_design_filtered,train
210946597_Bath_US_simple_design_filtered,train
210949767_Bath_US_simple_design_filtered,train
210954259_Bath_US_simple_design_filtered,train
210993629_Bath_US_simple_design_filtered,train
210994861_Bath_US_simple_design_filtered,train
210998755_Bath_US_simple_design_filtered,train
211006594_Bath_US_simple_design_filtered,train
211007117_Bath_US_simple_design_filtered,train
211008091_Bath_US_simple_design_filtered,train
211010217_Bath_US_simple_design_filtered,train
211010232_Bath_US_simple_design_filtered,train
211010246_Bath_US_simple_design_filtered,train
211012630_Bath_US_simple_design_filtered,train
211013659_Bath_US_simple_design_filtered,train
211017181_Bath_US_simple_design_filtered,train
211027208_Bath_US_simple_design_filtered,train
211027254_Bath_US_simple_design_filtered,train
211028592_Bath_US_simple_design_filtered,train
211047003_Bath_US_simple_design_filtered,train
211053814_Bath_US_simple_design_filtered,train
211053852_Bath_US_simple_design_filtered,train
211064203_Bath_US_simple_design_filtered,train
211070021_Bath_US_simple_design_filtered,train
211080789_Bath_US_simple_design_filtered,train
211081083_Bath_US_simple_design_filtered,train
211081189_Bath_US_simple_design_filtered,train
211087399_Bath_US_simple_design_filtered,train
211087413_Bath_US_simple_design_filtered,train
211097355_Bath_US_simple_design_filtered,train
211104330_Bath_US_simple_design_filtered,train
211105355_Bath_US_simple_design_filtered,train
211105933_Bath_US_simple_design_filtered,train
211114306_Bath_US_simple_design_filtered,train
211115525_Bath_US_simple_design_filtered,train
211117091_Bath_US_simple_design_filtered,train
211120334_Bath_US_simple_design_filtered,train
211120912_Bath_US_simple_design_filtered,train
211122761_Bath_US_simple_design_filtered,train
211133815_Bath_US_simple_design_filtered,train
211162025_Bath_US_simple_design_filtered,train
211163637_Bath_US_simple_design_filtered,train
211168351_Bath_US_simple_design_filtered,train
211168560_Bath_US_simple_design_filtered,train
211182794_Bath_US_simple_design_filtered,train
211183446_Bath_US_simple_design_filtered,train
211183981_Bath_US_simple_design_filtered,train
211184938_Bath_US_simple_design_filtered,train
211195580_Bath_US_simple_design_filtered,train
211196102_Bath_US_simple_design_filtered,train
211196242_Bath_US_simple_design_filtered,train
211210070_Bath_US_simple_design_filtered,train
211213620_Bath_US_simple_design_filtered,train
211214624_Bath_US_simple_design_filtered,train
211222898_Bath_US_simple_design_filtered,train
211226529_Bath_US_simple_design_filtered,train
211230803_Bath_US_simple_design_filtered,train
211243928_Bath_US_simple_design_filtered,train
211243944_Bath_US_simple_design_filtered,train
211244153_Bath_US_simple_design_filtered,train
211244723_Bath_US_simple_design_filtered,train
211254205_Bath_US_simple_design_filtered,train
211280629_Bath_US_simple_design_filtered,train
211285184_Bath_US_simple_design_filtered,train
211291187_Bath_US_simple_design_filtered,train
211293751_Bath_US_simple_design_filtered,train
211295288_Bath_US_simple_design_filtered,train
211296849_Bath_US_simple_design_filtered,train
211296851_Bath_US_simple_design_filtered,train
211297424_Bath_US_simple_design_filtered,train
211297909_Bath_US_simple_design_filtered,train
211311644_Bath_US_simple_design_filtered,train
211311697_Bath_US_simple_design_filtered,train
211314176_Bath_US_simple_design_filtered,train
211314282_Bath_US_simple_design_filtered,train
211314693_Bath_US_simple_design_filtered,train
211316232_Bath_US_simple_design_filtered,train
211328112_Bath_US_simple_design_filtered,train
211341043_Bath_US_simple_design_filtered,train
211346433_Bath_US_simple_design_filtered,train
211347952_Bath_US_simple_design_filtered,train
211348494_Bath_US_simple_design_filtered,train
211353017_Bath_US_simple_design_filtered,train
211358046_Bath_US_simple_design_filtered,train
211365311_Bath_US_simple_design_filtered,train
211380469_Bath_US_simple_design_filtered,train
211387008_Bath_US_simple_design_filtered,train
211395190_Bath_US_simple_design_filtered,train
211395239_Bath_US_simple_design_filtered,train
211396025_Bath_US_simple_design_filtered,train
211422854_Bath_US_simple_design_filtered,train
211432929_Bath_US_simple_design_filtered,train
211444157_Bath_US_simple_design_filtered,train
211444474_Bath_US_simple_design_filtered,train
211454434_Bath_US_simple_design_filtered,train
211454911_Bath_US_simple_design_filtered,train
211455947_Bath_US_simple_design_filtered,train
211471915_Bath_US_simple_design_filtered,train
211474822_Bath_US_simple_design_filtered,train
211475617_Bath_US_simple_design_filtered,train
211475804_Bath_US_simple_design_filtered,train
211478144_Bath_US_simple_design_filtered,train
211483079_Bath_US_simple_design_filtered,train
211493923_Bath_US_simple_design_filtered,train
211494689_Bath_US_simple_design_filtered,train
211499155_Bath_US_simple_design_filtered,train
211499508_Bath_US_simple_design_filtered,train
211503201_Bath_US_simple_design_filtered,train
211507040_Bath_US_simple_design_filtered,train
211507554_Bath_US_simple_design_filtered,train
211509306_Bath_US_simple_design_filtered,train
211513391_Bath_US_simple_design_filtered,train
211520465_Bath_US_simple_design_filtered,train
211526298_Bath_US_simple_design_filtered,train
211527453_Bath_US_simple_design_filtered,train
211528294_Bath_US_simple_design_filtered,train
211538064_Bath_US_simple_design_filtered,train
211539769_Bath_US_simple_design_filtered,train
211539927_Bath_US_simple_design_filtered,train
211546498_Bath_US_simple_design_filtered,train
211550011_Bath_US_simple_design_filtered,train
211550025_Bath_US_simple_design_filtered,train
211553369_Bath_US_simple_design_filtered,train
211566820_Bath_US_simple_design_filtered,train
211566960_Bath_US_simple_design_filtered,train
211567654_Bath_US_simple_design_filtered,train
211573404_Bath_US_simple_design_filtered,train
211573406_Bath_US_simple_design_filtered,train
211580708_Bath_US_simple_design_filtered,train
211580746_Bath_US_simple_design_filtered,train
211581004_Bath_US_simple_design_filtered,train
211583833_Bath_US_simple_design_filtered,train
211588594_Bath_US_simple_design_filtered,train
211605371_Bath_US_simple_design_filtered,train
211613444_Bath_US_simple_design_filtered,train
211624801_Bath_US_simple_design_filtered,train
211625760_Bath_US_simple_design_filtered,train
211630131_Bath_US_simple_design_filtered,train
211636876_Bath_US_simple_design_filtered,train
211639993_Bath_US_simple_design_filtered,train
211652091_Bath_US_simple_design_filtered,train
211658940_Bath_US_simple_design_filtered,train
211669955_Bath_US_simple_design_filtered,train
211674041_Bath_US_simple_design_filtered,train
211674272_Bath_US_simple_design_filtered,train
211677318_Bath_US_simple_design_filtered,train
211684163_Bath_US_simple_design_filtered,train
211687109_Bath_US_simple_design_filtered,train
211690015_Bath_US_simple_design_filtered,train
211694807_Bath_US_simple_design_filtered,train
211714818_Bath_US_simple_design_filtered,train
211715937_Bath_US_simple_design_filtered,train
211722313_Bath_US_simple_design_filtered,train
211724635_Bath_US_simple_design_filtered,train
211727907_Bath_US_simple_design_filtered,train
211736611_Bath_US_simple_design_filtered,train
211737447_Bath_US_simple_design_filtered,train
211749300_Bath_US_simple_design_filtered,train
211756212_Bath_US_simple_design_filtered,train
211756291_Bath_US_simple_design_filtered,train
211757749_Bath_US_simple_design_filtered,train
211769519_Bath_US_simple_design_filtered,train
211772137_Bath_US_simple_design_filtered,train
211772819_Bath_US_simple_design_filtered,train
211781995_Bath_US_simple_design_filtered,train
211783976_Bath_US_simple_design_filtered,train
211783989_Bath_US_simple_design_filtered,train
211787521_Bath_US_simple_design_filtered,train
211803288_Bath_US_simple_design_filtered,train
211804103_Bath_US_simple_design_filtered,train
211804577_Bath_US_simple_design_filtered,train
211813864_Bath_US_simple_design_filtered,train
211815240_Bath_US_simple_design_filtered,train
211818486_Bath_US_simple_design_filtered,train
211820338_Bath_US_simple_design_filtered,train
211820887_Bath_US_simple_design_filtered,train
211822577_Bath_US_simple_design_filtered,train
211824545_Bath_US_simple_design_filtered,train
211833800_Bath_US_simple_design_filtered,train
211835851_Bath_US_simple_design_filtered,train
211849622_Bath_US_simple_design_filtered,train
211851453_Bath_US_simple_design_filtered,train
211854749_Bath_US_simple_design_filtered,train
211856483_Bath_US_simple_design_filtered,train
211856496_Bath_US_simple_design_filtered,train
211877467_Bath_US_simple_design_filtered,train
211878403_Bath_US_simple_design_filtered,train
211889429_Bath_US_simple_design_filtered,train
211891095_Bath_US_simple_design_filtered,train
211891771_Bath_US_simple_design_filtered,train
211895915_Bath_US_simple_design_filtered,train
211897728_Bath_US_simple_design_filtered,train
211900780_Bath_US_simple_design_filtered,train
211902602_Bath_US_simple_design_filtered,train
211902608_Bath_US_simple_design_filtered,train
211909648_Bath_US_simple_design_filtered,train
211915878_Bath_US_simple_design_filtered,train
211916838_Bath_US_simple_design_filtered,train
211922693_Bath_US_simple_design_filtered,train
211927179_Bath_US_simple_design_filtered,train
211929606_Bath_US_simple_design_filtered,train
211937646_Bath_US_simple_design_filtered,train
211937684_Bath_US_simple_design_filtered,train
211941020_Bath_US_simple_design_filtered,train
211943805_Bath_US_simple_design_filtered,train
211944273_Bath_US_simple_design_filtered,train
211945975_Bath_US_simple_design_filtered,train
211946046_Bath_US_simple_design_filtered,train
211970707_Bath_US_simple_design_filtered,train
211970765_Bath_US_simple_design_filtered,train
211982059_Bath_US_simple_design_filtered,train
211987739_Bath_US_simple_design_filtered,train
211988987_Bath_US_simple_design_filtered,train
211994468_Bath_US_simple_design_filtered,train
211995950_Bath_US_simple_design_filtered,train
211996578_Bath_US_simple_design_filtered,train
211998162_Bath_US_simple_design_filtered,train
211998343_Bath_US_simple_design_filtered,train
212014429_Bath_US_simple_design_filtered,train
212016331_Bath_US_simple_design_filtered,train
212017573_Bath_US_simple_design_filtered,train
212021286_Bath_US_simple_design_filtered,train
212023110_Bath_US_simple_design_filtered,train
212023595_Bath_US_simple_design_filtered,train
212034737_Bath_US_simple_design_filtered,train
212035141_Bath_US_simple_design_filtered,train
212040980_Bath_US_simple_design_filtered,train
212060940_Bath_US_simple_design_filtered,train
212062142_Bath_US_simple_design_filtered,train
212062976_Bath_US_simple_design_filtered,train
212064845_Bath_US_simple_design_filtered,train
212065474_Bath_US_simple_design_filtered,train
212069445_Bath_US_simple_design_filtered,train
212070720_Bath_US_simple_design_filtered,train
212077178_Bath_US_simple_design_filtered,train
212087329_Bath_US_simple_design_filtered,train
212088021_Bath_US_simple_design_filtered,train
212091794_Bath_US_simple_design_filtered,train
212102253_Bath_US_simple_design_filtered,train
212110144_Bath_US_simple_design_filtered,train
212117867_Bath_US_simple_design_filtered,train
212118333_Bath_US_simple_design_filtered,train
212118339_Bath_US_simple_design_filtered,train
212120076_Bath_US_simple_design_filtered,train
212121678_Bath_US_simple_design_filtered,train
212121722_Bath_US_simple_design_filtered,train
212123094_Bath_US_simple_design_filtered,train
212137912_Bath_US_simple_design_filtered,train
212145322_Bath_US_simple_design_filtered,train
212147638_Bath_US_simple_design_filtered,train
212150282_Bath_US_simple_design_filtered,train
212250641_Bath_US_simple_design_filtered,train
212250852_Bath_US_simple_design_filtered,train
212251507_Bath_US_simple_design_filtered,train
212251572_Bath_US_simple_design_filtered,train
212252721_Bath_US_simple_design_filtered,train
212253091_Bath_US_simple_design_filtered,train
212262798_Bath_US_simple_design_filtered,train
212267463_Bath_US_simple_design_filtered,train
212274199_Bath_US_simple_design_filtered,train
212277203_Bath_US_simple_design_filtered,train
212278280_Bath_US_simple_design_filtered,train
212279718_Bath_US_simple_design_filtered,train
212279756_Bath_US_simple_design_filtered,train
212280742_Bath_US_simple_design_filtered,train
212284843_Bath_US_simple_design_filtered,train
212287677_Bath_US_simple_design_filtered,train
212287707_Bath_US_simple_design_filtered,train
212292902_Bath_US_simple_design_filtered,train
212323852_Bath_US_simple_design_filtered,train
212325714_Bath_US_simple_design_filtered,train
212330880_Bath_US_simple_design_filtered,train
212335676_Bath_US_simple_design_filtered,train
212346403_Bath_US_simple_design_filtered,train
212352361_Bath_US_simple_design_filtered,train
212352442_Bath_US_simple_design_filtered,train
212353599_Bath_US_simple_design_filtered,train
212380253_Bath_US_simple_design_filtered,train
212383135_Bath_US_simple_design_filtered,train
212383541_Bath_US_simple_design_filtered,train
212383727_Bath_US_simple_design_filtered,train
212383984_Bath_US_simple_design_filtered,train
212384600_Bath_US_simple_design_filtered,train
212388068_Bath_US_simple_design_filtered,train
212389107_Bath_US_simple_design_filtered,train
212389111_Bath_US_simple_design_filtered,train
212395055_Bath_US_simple_design_filtered,train
212400487_Bath_US_simple_design_filtered,train
212407471_Bath_US_simple_design_filtered,train
212431600_Bath_US_simple_design_filtered,train
212436680_Bath_US_simple_design_filtered,train
212436723_Bath_US_simple_design_filtered,train
212441736_Bath_US_simple_design_filtered,train
212441976_Bath_US_simple_design_filtered,train
212443147_Bath_US_simple_design_filtered,train
212455344_Bath_US_simple_design_filtered,train
212459112_Bath_US_simple_design_filtered,train
212462595_Bath_US_simple_design_filtered,train
212463166_Bath_US_simple_design_filtered,train
212465635_Bath_US_simple_design_filtered,train
212473470_Bath_US_simple_design_filtered,train
212480405_Bath_US_simple_design_filtered,train
212487812_Bath_US_simple_design_filtered,train
212503401_Bath_US_simple_design_filtered,train
212505437_Bath_US_simple_design_filtered,train
212523020_Bath_US_simple_design_filtered,train
212525935_Bath_US_simple_design_filtered,train
212530902_Bath_US_simple_design_filtered,train
212531695_Bath_US_simple_design_filtered,train
212533764_Bath_US_simple_design_filtered,train
212538027_Bath_US_simple_design_filtered,train
212538990_Bath_US_simple_design_filtered,train
212542181_Bath_US_simple_design_filtered,train
212543045_Bath_US_simple_design_filtered,train
212545665_Bath_US_simple_design_filtered,train
212552433_Bath_US_simple_design_filtered,train
212552906_Bath_US_simple_design_filtered,train
212556111_Bath_US_simple_design_filtered,train
212556328_Bath_US_simple_design_filtered,train
212562625_Bath_US_simple_design_filtered,train
212568896_Bath_US_simple_design_filtered,train
212580919_Bath_US_simple_design_filtered,train
212590064_Bath_US_simple_design_filtered,train
212590266_Bath_US_simple_design_filtered,train
212593841_Bath_US_simple_design_filtered,train
212593925_Bath_US_simple_design_filtered,train
212596660_Bath_US_simple_design_filtered,train
212607027_Bath_US_simple_design_filtered,train
212607794_Bath_US_simple_design_filtered,train
212618169_Bath_US_simple_design_filtered,train
212631304_Bath_US_simple_design_filtered,train
212635320_Bath_US_simple_design_filtered,train
212649109_Bath_US_simple_design_filtered,train
212654110_Bath_US_simple_design_filtered,train
212672827_Bath_US_simple_design_filtered,train
212676713_Bath_US_simple_design_filtered,train
212676744_Bath_US_simple_design_filtered,train
212700174_Bath_US_simple_design_filtered,train
212705450_Bath_US_simple_design_filtered,train
212706185_Bath_US_simple_design_filtered,train
212706883_Bath_US_simple_design_filtered,train
212710601_Bath_US_simple_design_filtered,train
212715107_Bath_US_simple_design_filtered,train
212715739_Bath_US_simple_design_filtered,train
212725796_Bath_US_simple_design_filtered,train
212727241_Bath_US_simple_design_filtered,train
212729453_Bath_US_simple_design_filtered,train
212735901_Bath_US_simple_design_filtered,train
212736245_Bath_US_simple_design_filtered,train
212743682_Bath_US_simple_design_filtered,train
212751992_Bath_US_simple_design_filtered,train
212756350_Bath_US_simple_design_filtered,train
212758667_Bath_US_simple_design_filtered,train
212760690_Bath_US_simple_design_filtered,train
212761235_Bath_US_simple_design_filtered,train
212761370_Bath_US_simple_design_filtered,train
212761417_Bath_US_simple_design_filtered,train
212785532_Bath_US_simple_design_filtered,train
212789763_Bath_US_simple_design_filtered,train
212794431_Bath_US_simple_design_filtered,train
212795602_Bath_US_simple_design_filtered,train
212798437_Bath_US_simple_design_filtered,train
212809648_Bath_US_simple_design_filtered,train
212855301_Bath_US_simple_design_filtered,train
212856045_Bath_US_simple_design_filtered,train
212857246_Bath_US_simple_design_filtered,train
212859572_Bath_US_simple_design_filtered,train
212861029_Bath_US_simple_design_filtered,train
212874012_Bath_US_simple_design_filtered,train
212887382_Bath_US_simple_design_filtered,train
212892197_Bath_US_simple_design_filtered,train
212895321_Bath_US_simple_design_filtered,train
212899177_Bath_US_simple_design_filtered,train
212900713_Bath_US_simple_design_filtered,train
212902596_Bath_US_simple_design_filtered,train
212904399_Bath_US_simple_design_filtered,train
212911541_Bath_US_simple_design_filtered,train
212918744_Bath_US_simple_design_filtered,train
212929901_Bath_US_simple_design_filtered,train
212953531_Bath_US_simple_design_filtered,train
212956274_Bath_US_simple_design_filtered,train
212957276_Bath_US_simple_design_filtered,train
212958038_Bath_US_simple_design_filtered,train
212958700_Bath_US_simple_design_filtered,train
212959866_Bath_US_simple_design_filtered,train
212965524_Bath_US_simple_design_filtered,train
212970386_Bath_US_simple_design_filtered,train
212989589_Bath_US_simple_design_filtered,train
212990111_Bath_US_simple_design_filtered,train
212999863_Bath_US_simple_design_filtered,train
213013692_Bath_US_simple_design_filtered,train
213014244_Bath_US_simple_design_filtered,train
213014445_Bath_US_simple_design_filtered,train
213016117_Bath_US_simple_design_filtered,train
213016908_Bath_US_simple_design_filtered,train
213022379_Bath_US_simple_design_filtered,train
213026135_Bath_US_simple_design_filtered,train
213030890_Bath_US_simple_design_filtered,train
213030932_Bath_US_simple_design_filtered,train
213031694_Bath_US_simple_design_filtered,train
213046169_Bath_US_simple_design_filtered,train
213051362_Bath_US_simple_design_filtered,train
213067055_Bath_US_simple_design_filtered,train
213067575_Bath_US_simple_design_filtered,train
213067741_Bath_US_simple_design_filtered,train
213071865_Bath_US_simple_design_filtered,train
213076484_Bath_US_simple_design_filtered,train
213078480_Bath_US_simple_design_filtered,train
213084168_Bath_US_simple_design_filtered,train
213103693_Bath_US_simple_design_filtered,train
213104578_Bath_US_simple_design_filtered,train
213112253_Bath_US_simple_design_filtered,train
213122904_Bath_US_simple_design_filtered,train
213126013_Bath_US_simple_design_filtered,train
213126309_Bath_US_simple_design_filtered,train
213145298_Bath_US_simple_design_filtered,train
213147341_Bath_US_simple_design_filtered,train
213148624_Bath_US_simple_design_filtered,train
213151953_Bath_US_simple_design_filtered,train
213159113_Bath_US_simple_design_filtered,train
213168678_Bath_US_simple_design_filtered,train
213171010_Bath_US_simple_design_filtered,train
213181314_Bath_US_simple_design_filtered,train
213183547_Bath_US_simple_design_filtered,train
213186205_Bath_US_simple_design_filtered,train
213190931_Bath_US_simple_design_filtered,train
213190994_Bath_US_simple_design_filtered,train
213192578_Bath_US_simple_design_filtered,train
213205133_Bath_US_simple_design_filtered,train
213209939_Bath_US_simple_design_filtered,train
213210668_Bath_US_simple_design_filtered,train
213210962_Bath_US_simple_design_filtered,train
213213518_Bath_US_simple_design_filtered,train
213214130_Bath_US_simple_design_filtered,train
213217805_Bath_US_simple_design_filtered,train
213231192_Bath_US_simple_design_filtered,train
213233214_Bath_US_simple_design_filtered,train
213239725_Bath_US_simple_design_filtered,train
213240085_Bath_US_simple_design_filtered,train
213240314_Bath_US_simple_design_filtered,train
213244090_Bath_US_simple_design_filtered,train
213244195_Bath_US_simple_design_filtered,train
213255768_Bath_US_simple_design_filtered,train
213263242_Bath_US_simple_design_filtered,train
213267063_Bath_US_simple_design_filtered,train
213268730_Bath_US_simple_design_filtered,train
213270068_Bath_US_simple_design_filtered,train
213275745_Bath_US_simple_design_filtered,train
213281893_Bath_US_simple_design_filtered,train
213282275_Bath_US_simple_design_filtered,train
213290885_Bath_US_simple_design_filtered,train
213291740_Bath_US_simple_design_filtered,train
213292061_Bath_US_simple_design_filtered,train
213296078_Bath_US_simple_design_filtered,train
213301079_Bath_US_simple_design_filtered,train
213316556_Bath_US_simple_design_filtered,train
213318093_Bath_US_simple_design_filtered,train
213321470_Bath_US_simple_design_filtered,train
213336920_Bath_US_simple_design_filtered,train
213359481_Bath_US_simple_design_filtered,train
213360875_Bath_US_simple_design_filtered,train
213366495_Bath_US_simple_design_filtered,train
213389531_Bath_US_simple_design_filtered,train
213396254_Bath_US_simple_design_filtered,train
213404332_Bath_US_simple_design_filtered,train
213404914_Bath_US_simple_design_filtered,train
213409171_Bath_US_simple_design_filtered,train
213411780_Bath_US_simple_design_filtered,train
213423333_Bath_US_simple_design_filtered,train
213432825_Bath_US_simple_design_filtered,train
213434649_Bath_US_simple_design_filtered,train
213436296_Bath_US_simple_design_filtered,train
213436508_Bath_US_simple_design_filtered,train
213439584_Bath_US_simple_design_filtered,train
213442100_Bath_US_simple_design_filtered,train
213445685_Bath_US_simple_design_filtered,train
213455568_Bath_US_simple_design_filtered,train
213455894_Bath_US_simple_design_filtered,train
213456063_Bath_US_simple_design_filtered,train
213460429_Bath_US_simple_design_filtered,train
213461128_Bath_US_simple_design_filtered,train
213479294_Bath_US_simple_design_filtered,train
213485241_Bath_US_simple_design_filtered,train
213485478_Bath_US_simple_design_filtered,train
213486100_Bath_US_simple_design_filtered,train
213487403_Bath_US_simple_design_filtered,train
213489049_Bath_US_simple_design_filtered,train
213499874_Bath_US_simple_design_filtered,train
213507348_Bath_US_simple_design_filtered,train
213514105_Bath_US_simple_design_filtered,train
213518093_Bath_US_simple_design_filtered,train
213532066_Bath_US_simple_design_filtered,train
213532474_Bath_US_simple_design_filtered,train
213533786_Bath_US_simple_design_filtered,train
213533934_Bath_US_simple_design_filtered,train
213537021_Bath_US_simple_design_filtered,train
213542740_Bath_US_simple_design_filtered,train
213548957_Bath_US_simple_design_filtered,train
213554249_Bath_US_simple_design_filtered,train
213557219_Bath_US_simple_design_filtered,train
213568362_Bath_US_simple_design_filtered,train
213568599_Bath_US_simple_design_filtered,train
213574344_Bath_US_simple_design_filtered,train
213577517_Bath_US_simple_design_filtered,train
213582906_Bath_US_simple_design_filtered,train
213582936_Bath_US_simple_design_filtered,train
213585349_Bath_US_simple_design_filtered,train
213586157_Bath_US_simple_design_filtered,train
213591117_Bath_US_simple_design_filtered,train
213593450_Bath_US_simple_design_filtered,train
213595171_Bath_US_simple_design_filtered,train
213611056_Bath_US_simple_design_filtered,train
213616006_Bath_US_simple_design_filtered,train
213616026_Bath_US_simple_design_filtered,train
213617781_Bath_US_simple_design_filtered,train
213617945_Bath_US_simple_design_filtered,train
213621652_Bath_US_simple_design_filtered,train
213629328_Bath_US_simple_design_filtered,train
213630065_Bath_US_simple_design_filtered,train
213638486_Bath_US_simple_design_filtered,train
213639253_Bath_US_simple_design_filtered,train
213643375_Bath_US_simple_design_filtered,train
213643752_Bath_US_simple_design_filtered,train
213643890_Bath_US_simple_design_filtered,train
213644669_Bath_US_simple_design_filtered,train
213648887_Bath_US_simple_design_filtered,train
213664742_Bath_US_simple_design_filtered,train
213669161_Bath_US_simple_design_filtered,train
213669162_Bath_US_simple_design_filtered,train
213683446_Bath_US_simple_design_filtered,train
213693040_Bath_US_simple_design_filtered,train
213703227_Bath_US_simple_design_filtered,train
213708370_Bath_US_simple_design_filtered,train
213732785_Bath_US_simple_design_filtered,train
213742403_Bath_US_simple_design_filtered,train
213744376_Bath_US_simple_design_filtered,train
213754021_Bath_US_simple_design_filtered,train
213758100_Bath_US_simple_design_filtered,train
213759130_Bath_US_simple_design_filtered,train
213759145_Bath_US_simple_design_filtered,train
213761763_Bath_US_simple_design_filtered,train
213762533_Bath_US_simple_design_filtered,train
213770615_Bath_US_simple_design_filtered,train
213782365_Bath_US_simple_design_filtered,train
213785433_Bath_US_simple_design_filtered,train
213800399_Bath_US_simple_design_filtered,train
213804792_Bath_US_simple_design_filtered,train
213806634_Bath_US_simple_design_filtered,train
213806791_Bath_US_simple_design_filtered,train
213812229_Bath_US_simple_design_filtered,train
213815625_Bath_US_simple_design_filtered,train
213817579_Bath_US_simple_design_filtered,train
213822096_Bath_US_simple_design_filtered,train
213829923_Bath_US_simple_design_filtered,train
213832813_Bath_US_simple_design_filtered,train
213833902_Bath_US_simple_design_filtered,train
213839933_Bath_US_simple_design_filtered,train
213859988_Bath_US_simple_design_filtered,train
213864527_Bath_US_simple_design_filtered,train
213865333_Bath_US_simple_design_filtered,train
213865818_Bath_US_simple_design_filtered,train
213866262_Bath_US_simple_design_filtered,train
213866666_Bath_US_simple_design_filtered,train
213873768_Bath_US_simple_design_filtered,train
213889114_Bath_US_simple_design_filtered,train
213890918_Bath_US_simple_design_filtered,train
213893797_Bath_US_simple_design_filtered,train
213901108_Bath_US_simple_design_filtered,train
213907102_Bath_US_simple_design_filtered,train
213916623_Bath_US_simple_design_filtered,train
213917297_Bath_US_simple_design_filtered,train
213917998_Bath_US_simple_design_filtered,train
213921266_Bath_US_simple_design_filtered,train
213922963_Bath_US_simple_design_filtered,train
213923508_Bath_US_simple_design_filtered,train
213931427_Bath_US_simple_design_filtered,train
213932121_Bath_US_simple_design_filtered,train
213935540_Bath_US_simple_design_filtered,train
213941531_Bath_US_simple_design_filtered,train
213942711_Bath_US_simple_design_filtered,train
213943287_Bath_US_simple_design_filtered,train
213943642_Bath_US_simple_design_filtered,train
213944567_Bath_US_simple_design_filtered,train
213950328_Bath_US_simple_design_filtered,train
213958967_Bath_US_simple_design_filtered,train
213959655_Bath_US_simple_design_filtered,train
213968719_Bath_US_simple_design_filtered,train
213969032_Bath_US_simple_design_filtered,train
213975716_Bath_US_simple_design_filtered,train
213976558_Bath_US_simple_design_filtered,train
213983222_Bath_US_simple_design_filtered,train
213984138_Bath_US_simple_design_filtered,train
213985466_Bath_US_simple_design_filtered,train
213993030_Bath_US_simple_design_filtered,train
213997773_Bath_US_simple_design_filtered,train
214002808_Bath_US_simple_design_filtered,train
214006190_Bath_US_simple_design_filtered,train
214006805_Bath_US_simple_design_filtered,train
214014504_Bath_US_simple_design_filtered,train
214014748_Bath_US_simple_design_filtered,train
214017831_Bath_US_simple_design_filtered,train
214019209_Bath_US_simple_design_filtered,train
214032326_Bath_US_simple_design_filtered,train
214032434_Bath_US_simple_design_filtered,train
214032974_Bath_US_simple_design_filtered,train
214033373_Bath_US_simple_design_filtered,train
214043217_Bath_US_simple_design_filtered,train
214049959_Bath_US_simple_design_filtered,train
214054226_Bath_US_simple_design_filtered,train
214065717_Bath_US_simple_design_filtered,train
214066769_Bath_US_simple_design_filtered,train
214067310_Bath_US_simple_design_filtered,train
214068560_Bath_US_simple_design_filtered,train
214077054_Bath_US_simple_design_filtered,train
214078990_Bath_US_simple_design_filtered,train
214101879_Bath_US_simple_design_filtered,train
214102646_Bath_US_simple_design_filtered,train
214104761_Bath_US_simple_design_filtered,train
214105174_Bath_US_simple_design_filtered,train
214107744_Bath_US_simple_design_filtered,train
214107798_Bath_US_simple_design_filtered,train
214115959_Bath_US_simple_design_filtered,train
214116433_Bath_US_simple_design_filtered,train
214117838_Bath_US_simple_design_filtered,train
214125219_Bath_US_simple_design_filtered,train
214125662_Bath_US_simple_design_filtered,train
214126964_Bath_US_simple_design_filtered,train
214134361_Bath_US_simple_design_filtered,train
214135576_Bath_US_simple_design_filtered,train
214138969_Bath_US_simple_design_filtered,train
214141728_Bath_US_simple_design_filtered,train
214141761_Bath_US_simple_design_filtered,train
214148809_Bath_US_simple_design_filtered,train
214149129_Bath_US_simple_design_filtered,train
214149171_Bath_US_simple_design_filtered,train
214150536_Bath_US_simple_design_filtered,train
214154013_Bath_US_simple_design_filtered,train
214160023_Bath_US_simple_design_filtered,train
214166391_Bath_US_simple_design_filtered,train
214168030_Bath_US_simple_design_filtered,train
214172053_Bath_US_simple_design_filtered,train
214172396_Bath_US_simple_design_filtered,train
214177148_Bath_US_simple_design_filtered,train
214178947_Bath_US_simple_design_filtered,train
214185266_Bath_US_simple_design_filtered,train
214185795_Bath_US_simple_design_filtered,train
214190011_Bath_US_simple_design_filtered,train
214190375_Bath_US_simple_design_filtered,train
214194361_Bath_US_simple_design_filtered,train
214195906_Bath_US_simple_design_filtered,train
214196719_Bath_US_simple_design_filtered,train
214197762_Bath_US_simple_design_filtered,train
214198548_Bath_US_simple_design_filtered,train
214199801_Bath_US_simple_design_filtered,train
214202077_Bath_US_simple_design_filtered,train
214210325_Bath_US_simple_design_filtered,train
214213769_Bath_US_simple_design_filtered,train
214214062_Bath_US_simple_design_filtered,train
214214418_Bath_US_simple_design_filtered,train
214215436_Bath_US_simple_design_filtered,train
214217455_Bath_US_simple_design_filtered,train
214222975_Bath_US_simple_design_filtered,train
214223172_Bath_US_simple_design_filtered,train
214226689_Bath_US_simple_design_filtered,train
214227616_Bath_US_simple_design_filtered,train
214230053_Bath_US_simple_design_filtered,train
214238940_Bath_US_simple_design_filtered,train
214240586_Bath_US_simple_design_filtered,train
214246561_Bath_US_simple_design_filtered,train
214248988_Bath_US_simple_design_filtered,train
214253461_Bath_US_simple_design_filtered,train
214253494_Bath_US_simple_design_filtered,train
214254946_Bath_US_simple_design_filtered,train
214255166_Bath_US_simple_design_filtered,train
214255256_Bath_US_simple_design_filtered,train
214256783_Bath_US_simple_design_filtered,train
214263065_Bath_US_simple_design_filtered,train
214276207_Bath_US_simple_design_filtered,train
214280788_Bath_US_simple_design_filtered,train
214284688_Bath_US_simple_design_filtered,train
214287617_Bath_US_simple_design_filtered,train
214289014_Bath_US_simple_design_filtered,train
214289134_Bath_US_simple_design_filtered,train
214294858_Bath_US_simple_design_filtered,train
214296319_Bath_US_simple_design_filtered,train
214297117_Bath_US_simple_design_filtered,train
214302189_Bath_US_simple_design_filtered,train
214311170_Bath_US_simple_design_filtered,train
214318239_Bath_US_simple_design_filtered,train
214325083_Bath_US_simple_design_filtered,train
214328351_Bath_US_simple_design_filtered,train
214335417_Bath_US_simple_design_filtered,train
214345064_Bath_US_simple_design_filtered,train
214345137_Bath_US_simple_design_filtered,train
214347385_Bath_US_simple_design_filtered,train
214355999_Bath_US_simple_design_filtered,train
214357560_Bath_US_simple_design_filtered,train
214358431_Bath_US_simple_design_filtered,train
214362174_Bath_US_simple_design_filtered,train
214364010_Bath_US_simple_design_filtered,train
214369360_Bath_US_simple_design_filtered,train
214370820_Bath_US_simple_design_filtered,train
214372469_Bath_US_simple_design_filtered,train
214374098_Bath_US_simple_design_filtered,train
214374320_Bath_US_simple_design_filtered,train
214378330_Bath_US_simple_design_filtered,train
214386533_Bath_US_simple_design_filtered,train
214387103_Bath_US_simple_design_filtered,train
214388241_Bath_US_simple_design_filtered,train
214390236_Bath_US_simple_design_filtered,train
214398423_Bath_US_simple_design_filtered,train
214398794_Bath_US_simple_design_filtered,train
214399659_Bath_US_simple_design_filtered,train
214399985_Bath_US_simple_design_filtered,train
214401233_Bath_US_simple_design_filtered,train
214401428_Bath_US_simple_design_filtered,train
214407770_Bath_US_simple_design_filtered,train
214408751_Bath_US_simple_design_filtered,train
214410803_Bath_US_simple_design_filtered,train
214412895_Bath_US_simple_design_filtered,train
214415984_Bath_US_simple_design_filtered,train
214416116_Bath_US_simple_design_filtered,train
214418918_Bath_US_simple_design_filtered,train
214424482_Bath_US_simple_design_filtered,train
214424812_Bath_US_simple_design_filtered,train
214437360_Bath_US_simple_design_filtered,train
214439430_Bath_US_simple_design_filtered,train
214441793_Bath_US_simple_design_filtered,train
214442766_Bath_US_simple_design_filtered,train
214449310_Bath_US_simple_design_filtered,train
214451780_Bath_US_simple_design_filtered,train
214453084_Bath_US_simple_design_filtered,train
214457743_Bath_US_simple_design_filtered,train
214461503_Bath_US_simple_design_filtered,train
214463731_Bath_US_simple_design_filtered,train
214465084_Bath_US_simple_design_filtered,train
214477545_Bath_US_simple_design_filtered,train
214479091_Bath_US_simple_design_filtered,train
214480768_Bath_US_simple_design_filtered,train
214481280_Bath_US_simple_design_filtered,train
214481456_Bath_US_simple_design_filtered,train
214483423_Bath_US_simple_design_filtered,train
214487391_Bath_US_simple_design_filtered,train
214489346_Bath_US_simple_design_filtered,train
214492270_Bath_US_simple_design_filtered,train
214492649_Bath_US_simple_design_filtered,train
214493419_Bath_US_simple_design_filtered,train
214498101_Bath_US_simple_design_filtered,train
214498295_Bath_US_simple_design_filtered,train
214498319_Bath_US_simple_design_filtered,train
214503633_Bath_US_simple_design_filtered,train
214504336_Bath_US_simple_design_filtered,train
214505097_Bath_US_simple_design_filtered,train
214513612_Bath_US_simple_design_filtered,train
214514688_Bath_US_simple_design_filtered,train
214517421_Bath_US_simple_design_filtered,train
214517449_Bath_US_simple_design_filtered,train
214517450_Bath_US_simple_design_filtered,train
214517452_Bath_US_simple_design_filtered,train
214517457_Bath_US_simple_design_filtered,train
214517461_Bath_US_simple_design_filtered,train
214517554_Bath_US_simple_design_filtered,train
214525362_Bath_US_simple_design_filtered,train
214525604_Bath_US_simple_design_filtered,train
214527455_Bath_US_simple_design_filtered,train
214529209_Bath_US_simple_design_filtered,train
214531096_Bath_US_simple_design_filtered,train
214535547_Bath_US_simple_design_filtered,train
214544001_Bath_US_simple_design_filtered,train
214548392_Bath_US_simple_design_filtered,train
214548999_Bath_US_simple_design_filtered,train
214553864_Bath_US_simple_design_filtered,train
214554144_Bath_US_simple_design_filtered,train
214556196_Bath_US_simple_design_filtered,train
214557883_Bath_US_simple_design_filtered,train
214559621_Bath_US_simple_design_filtered,train
214559650_Bath_US_simple_design_filtered,train
214560753_Bath_US_simple_design_filtered,train
214566998_Bath_US_simple_design_filtered,train
214567950_Bath_US_simple_design_filtered,train
214568824_Bath_US_simple_design_filtered,train
214570681_Bath_US_simple_design_filtered,train
214572551_Bath_US_simple_design_filtered,train
214577778_Bath_US_simple_design_filtered,train
214579360_Bath_US_simple_design_filtered,train
214580912_Bath_US_simple_design_filtered,train
214584192_Bath_US_simple_design_filtered,train
214584279_Bath_US_simple_design_filtered,train
214590951_Bath_US_simple_design_filtered,train
214591542_Bath_US_simple_design_filtered,train
214592294_Bath_US_simple_design_filtered,train
214592336_Bath_US_simple_design_filtered,train
214592549_Bath_US_simple_design_filtered,train
214595881_Bath_US_simple_design_filtered,train
214595883_Bath_US_simple_design_filtered,train
214596762_Bath_US_simple_design_filtered,train
214619843_Bath_US_simple_design_filtered,train
214621480_Bath_US_simple_design_filtered,train
214623514_Bath_US_simple_design_filtered,train
214629253_Bath_US_simple_design_filtered,train
214638251_Bath_US_simple_design_filtered,train
214639627_Bath_US_simple_design_filtered,train
214654140_Bath_US_simple_design_filtered,train
214660768_Bath_US_simple_design_filtered,train
214660981_Bath_US_simple_design_filtered,train
214668506_Bath_US_simple_design_filtered,train
214671378_Bath_US_simple_design_filtered,train
214674354_Bath_US_simple_design_filtered,train
214678759_Bath_US_simple_design_filtered,train
214680922_Bath_US_simple_design_filtered,train
214684730_Bath_US_simple_design_filtered,train
214684831_Bath_US_simple_design_filtered,train
214686796_Bath_US_simple_design_filtered,train
214686952_Bath_US_simple_design_filtered,train
214688661_Bath_US_simple_design_filtered,train
214689427_Bath_US_simple_design_filtered,train
214689750_Bath_US_simple_design_filtered,train
214694013_Bath_US_simple_design_filtered,train
214706241_Bath_US_simple_design_filtered,train
214709013_Bath_US_simple_design_filtered,train
214709252_Bath_US_simple_design_filtered,train
214711188_Bath_US_simple_design_filtered,train
214711469_Bath_US_simple_design_filtered,train
214714390_Bath_US_simple_design_filtered,train
214717189_Bath_US_simple_design_filtered,train
214720662_Bath_US_simple_design_filtered,train
214726385_Bath_US_simple_design_filtered,train
214726449_Bath_US_simple_design_filtered,train
214728248_Bath_US_simple_design_filtered,train
214728757_Bath_US_simple_design_filtered,train
214740637_Bath_US_simple_design_filtered,train
214740971_Bath_US_simple_design_filtered,train
214746413_Bath_US_simple_design_filtered,train
214750367_Bath_US_simple_design_filtered,train
214752618_Bath_US_simple_design_filtered,train
214759258_Bath_US_simple_design_filtered,train
214760203_Bath_US_simple_design_filtered,train
214774987_Bath_US_simple_design_filtered,train
214789859_Bath_US_simple_design_filtered,train
214791701_Bath_US_simple_design_filtered,train
214796968_Bath_US_simple_design_filtered,train
214798816_Bath_US_simple_design_filtered,train
214800955_Bath_US_simple_design_filtered,train
214801771_Bath_US_simple_design_filtered,train
214809143_Bath_US_simple_design_filtered,train
214811023_Bath_US_simple_design_filtered,train
172165542_Bath_US_simple_design_filtered,val
199326123_Bath_US_simple_design_filtered,val
203309147_Bath_US_simple_design_filtered,val
206286406_Bath_US_simple_design_filtered,val
208124593_Bath_US_simple_design_filtered,val
208132056_Bath_US_simple_design_filtered,val
209096046_Bath_US_simple_design_filtered,val
209241592_Bath_US_simple_design_filtered,val
209273899_Bath_US_simple_design_filtered,val
209335898_Bath_US_simple_design_filtered,val
209362607_Bath_US_simple_design_filtered,val
209624646_Bath_US_simple_design_filtered,val
209642901_Bath_US_simple_design_filtered,val
209718044_Bath_US_simple_design_filtered,val
209720310_Bath_US_simple_design_filtered,val
209722089_Bath_US_simple_design_filtered,val
209756691_Bath_US_simple_design_filtered,val
209770614_Bath_US_simple_design_filtered,val
209776671_Bath_US_simple_design_filtered,val
209858547_Bath_US_simple_design_filtered,val
209866450_Bath_US_simple_design_filtered,val
209867437_Bath_US_simple_design_filtered,val
209886922_Bath_US_simple_design_filtered,val
209897989_Bath_US_simple_design_filtered,val
209955802_Bath_US_simple_design_filtered,val
209998303_Bath_US_simple_design_filtered,val
210053748_Bath_US_simple_design_filtered,val
210084579_Bath_US_simple_design_filtered,val
210086299_Bath_US_simple_design_filtered,val
210122959_Bath_US_simple_design_filtered,val
210236760_Bath_US_simple_design_filtered,val
210237290_Bath_US_simple_design_filtered,val
210261224_Bath_US_simple_design_filtered,val
210315653_Bath_US_simple_design_filtered,val
210385701_Bath_US_simple_design_filtered,val
210421781_Bath_US_simple_design_filtered,val
210437556_Bath_US_simple_design_filtered,val
210467824_Bath_US_simple_design_filtered,val
210518085_Bath_US_simple_design_filtered,val
210537706_Bath_US_simple_design_filtered,val
210548431_Bath_US_simple_design_filtered,val
210620958_Bath_US_simple_design_filtered,val
210663822_Bath_US_simple_design_filtered,val
210667681_Bath_US_simple_design_filtered,val
210683389_Bath_US_simple_design_filtered,val
210707337_Bath_US_simple_design_filtered,val
210751517_Bath_US_simple_design_filtered,val
210809538_Bath_US_simple_design_filtered,val
210819089_Bath_US_simple_design_filtered,val
210825413_Bath_US_simple_design_filtered,val
210965122_Bath_US_simple_design_filtered,val
210969305_Bath_US_simple_design_filtered,val
210989436_Bath_US_simple_design_filtered,val
211040462_Bath_US_simple_design_filtered,val
211054347_Bath_US_simple_design_filtered,val
211055225_Bath_US_simple_design_filtered,val
211150189_Bath_US_simple_design_filtered,val
211223427_Bath_US_simple_design_filtered,val
211229944_Bath_US_simple_design_filtered,val
211231778_Bath_US_simple_design_filtered,val
211257069_Bath_US_simple_design_filtered,val
211258803_Bath_US_simple_design_filtered,val
211326964_Bath_US_simple_design_filtered,val
211338699_Bath_US_simple_design_filtered,val
211352099_Bath_US_simple_design_filtered,val
211367828_Bath_US_simple_design_filtered,val
211378672_Bath_US_simple_design_filtered,val
211392043_Bath_US_simple_design_filtered,val
211496447_Bath_US_simple_design_filtered,val
211616588_Bath_US_simple_design_filtered,val
211638253_Bath_US_simple_design_filtered,val
211652367_Bath_US_simple_design_filtered,val
211682508_Bath_US_simple_design_filtered,val
211730223_Bath_US_simple_design_filtered,val
211730575_Bath_US_simple_design_filtered,val
211769251_Bath_US_simple_design_filtered,val
211794391_Bath_US_simple_design_filtered,val
211851317_Bath_US_simple_design_filtered,val
211869525_Bath_US_simple_design_filtered,val
211899008_Bath_US_simple_design_filtered,val
211951903_Bath_US_simple_design_filtered,val
211965172_Bath_US_simple_design_filtered,val
211971565_Bath_US_simple_design_filtered,val
211982024_Bath_US_simple_design_filtered,val
211993097_Bath_US_simple_design_filtered,val
212058064_Bath_US_simple_design_filtered,val
212075830_Bath_US_simple_design_filtered,val
212098135_Bath_US_simple_design_filtered,val
212111910_Bath_US_simple_design_filtered,val
212267907_Bath_US_simple_design_filtered,val
212280780_Bath_US_simple_design_filtered,val
212398806_Bath_US_simple_design_filtered,val
212655892_Bath_US_simple_design_filtered,val
212745930_Bath_US_simple_design_filtered,val
212810761_Bath_US_simple_design_filtered,val
212829615_Bath_US_simple_design_filtered,val
212904390_Bath_US_simple_design_filtered,val
212905524_Bath_US_simple_design_filtered,val
212970488_Bath_US_simple_design_filtered,val
212991828_Bath_US_simple_design_filtered,val
213016427_Bath_US_simple_design_filtered,val
213024648_Bath_US_simple_design_filtered,val
213029098_Bath_US_simple_design_filtered,val
213062660_Bath_US_simple_design_filtered,val
213130496_Bath_US_simple_design_filtered,val
213137368_Bath_US_simple_design_filtered,val
213146639_Bath_US_simple_design_filtered,val
213199708_Bath_US_simple_design_filtered,val
213294562_Bath_US_simple_design_filtered,val
213341730_Bath_US_simple_design_filtered,val
213445246_Bath_US_simple_design_filtered,val
213458451_Bath_US_simple_design_filtered,val
213587077_Bath_US_simple_design_filtered,val
213624800_Bath_US_simple_design_filtered,val
213672118_Bath_US_simple_design_filtered,val
213675713_Bath_US_simple_design_filtered,val
213676512_Bath_US_simple_design_filtered,val
213727315_Bath_US_simple_design_filtered,val
213795317_Bath_US_simple_design_filtered,val
213818085_Bath_US_simple_design_filtered,val
213840020_Bath_US_simple_design_filtered,val
213844603_Bath_US_simple_design_filtered,val
213895749_Bath_US_simple_design_filtered,val
213923904_Bath_US_simple_design_filtered,val
213975985_Bath_US_simple_design_filtered,val
213983913_Bath_US_simple_design_filtered,val
213989405_Bath_US_simple_design_filtered,val
214004887_Bath_US_simple_design_filtered,val
214021734_Bath_US_simple_design_filtered,val
214034275_Bath_US_simple_design_filtered,val
214034453_Bath_US_simple_design_filtered,val
214035502_Bath_US_simple_design_filtered,val
214089557_Bath_US_simple_design_filtered,val
214113747_Bath_US_simple_design_filtered,val
214143170_Bath_US_simple_design_filtered,val
214168382_Bath_US_simple_design_filtered,val
214193743_Bath_US_simple_design_filtered,val
214199262_Bath_US_simple_design_filtered,val
214216353_Bath_US_simple_design_filtered,val
214345431_Bath_US_simple_design_filtered,val
214387989_Bath_US_simple_design_filtered,val
214528142_Bath_US_simple_design_filtered,val
214555702_Bath_US_simple_design_filtered,val
214562622_Bath_US_simple_design_filtered,val
214584183_Bath_US_simple_design_filtered,val
214595446_Bath_US_simple_design_filtered,val
214603231_Bath_US_simple_design_filtered,val
214777973_Bath_US_simple_design_filtered,val
214786975_Bath_US_simple_design_filtered,val
214792829_Bath_US_simple_design_filtered,val
